W0922 19:17:49.004000 2515 torch/utils/_pytree.py:630] <enum 'KernelPreference'> is an Enum subclass and is now natively supported by torch.compile as an opaque value type. Calling register_constant() on Enum subclasses is deprecated and will be an error in a future release.
W0922 19:17:49.033000 2515 torch/utils/_pytree.py:630] <enum 'ScaleCalculationMode'> is an Enum subclass and is now natively supported by torch.compile as an opaque value type. Calling register_constant() on Enum subclasses is deprecated and will be an error in a future release.
attention + mask interface registered
== part 1: batch invariance (teacher-forced, token by token)
  [eager default ] bitwise equal per prompt: [False, False, False, False] | max diff 0.5625
  [eager tri_attn] bitwise equal per prompt: [False, False, False, False] | max diff 0.5000
  [eager bi      ] bitwise equal per prompt: [True, True, True, True] | max diff 0.0000
  [eager] bi vs default at B=4: {'max_abs_diff': 0.4375, 'mean_abs_diff': 0.029224546626210213, 'argmax_agree': 0.97265625}
W0922 19:18:40.628000 2515 torch/_inductor/utils.py:1806] [0/0] Not enough SMs to use max_autotune_gemm mode
  [compiled default ] bitwise equal per prompt: [False, False, False, False] | max diff 0.3750 | vs eager default: max 0.5469 mean 0.03193
  [compiled bi      ] bitwise equal per prompt: [True, True, True, True] | max diff 0.0000 | vs eager bi: max 0.4062 mean 0.02924
== part 2: linear microbenchmark (model weights)
  q_proj    M=1 N=  4096 K= 2560: cuBLAS    15.8 us ( 1331 GB/s) | bi    48.8 us (  430 GB/s) x3.10 | row0 invariant cuBLAS True bi True
  q_proj    M=4 N=  4096 K= 2560: cuBLAS    17.9 us ( 1174 GB/s) | bi    45.8 us (  457 GB/s) x2.57 | row0 invariant cuBLAS False bi True
  q_proj    M=8 N=  4096 K= 2560: cuBLAS    17.7 us ( 1182 GB/s) | bi    46.5 us (  451 GB/s) x2.62 | row0 invariant cuBLAS False bi True
  k_proj    M=1 N=  1024 K= 2560: cuBLAS    13.8 us (  379 GB/s) | bi    47.7 us (  110 GB/s) x3.45 | row0 invariant cuBLAS True bi True
  k_proj    M=4 N=  1024 K= 2560: cuBLAS    14.8 us (  355 GB/s) | bi    46.9 us (  112 GB/s) x3.18 | row0 invariant cuBLAS False bi True
  k_proj    M=8 N=  1024 K= 2560: cuBLAS    14.6 us (  359 GB/s) | bi    46.1 us (  114 GB/s) x3.15 | row0 invariant cuBLAS False bi True
  o_proj    M=1 N=  2560 K= 4096: cuBLAS    16.0 us ( 1309 GB/s) | bi    47.1 us (  445 GB/s) x2.94 | row0 invariant cuBLAS True bi True
  o_proj    M=4 N=  2560 K= 4096: cuBLAS    19.9 us ( 1053 GB/s) | bi    46.7 us (  449 GB/s) x2.34 | row0 invariant cuBLAS False bi True
  o_proj    M=8 N=  2560 K= 4096: cuBLAS    20.1 us ( 1045 GB/s) | bi    46.2 us (  454 GB/s) x2.30 | row0 invariant cuBLAS False bi True
  gate_proj M=1 N=  9728 K= 2560: cuBLAS    32.3 us ( 1542 GB/s) | bi    48.2 us ( 1033 GB/s) x1.49 | row0 invariant cuBLAS True bi True
  gate_proj M=4 N=  9728 K= 2560: cuBLAS    38.9 us ( 1280 GB/s) | bi    48.5 us ( 1028 GB/s) x1.25 | row0 invariant cuBLAS False bi True
  gate_proj M=8 N=  9728 K= 2560: cuBLAS    40.5 us ( 1229 GB/s) | bi    47.1 us ( 1058 GB/s) x1.16 | row0 invariant cuBLAS False bi True
  down_proj M=1 N=  2560 K= 9728: cuBLAS    29.4 us ( 1695 GB/s) | bi    46.9 us ( 1061 GB/s) x1.60 | row0 invariant cuBLAS True bi True
  down_proj M=4 N=  2560 K= 9728: cuBLAS    53.5 us (  931 GB/s) | bi    46.5 us ( 1070 GB/s) x0.87 | row0 invariant cuBLAS False bi True
  down_proj M=8 N=  2560 K= 9728: cuBLAS    54.2 us (  918 GB/s) | bi    46.6 us ( 1070 GB/s) x0.86 | row0 invariant cuBLAS False bi True
  lm_head   M=1 N=151936 K= 2560: cuBLAS  1800.3 us (  432 GB/s) | bi  1844.6 us (  422 GB/s) x1.02 | row0 invariant cuBLAS True bi True
  lm_head   M=4 N=151936 K= 2560: cuBLAS  1845.0 us (  422 GB/s) | bi  1883.1 us (  413 GB/s) x1.02 | row0 invariant cuBLAS False bi True
  lm_head   M=8 N=151936 K= 2560: cuBLAS  1867.4 us (  417 GB/s) | bi  1907.0 us (  408 GB/s) x1.02 | row0 invariant cuBLAS False bi True
== part 3: end-to-end decode step, compiled + CUDA graphs, interleaved
USDT:2026-09-22 19:20:50 2515:2515 SyncActivityProfilerHandler.cpp:39] profiler_start
USDT:2026-09-22 19:20:50 2515:2515 SyncActivityProfilerHandler.cpp:46] profiler_stop
  B=1 default: {'first_call_s': 28.762987957000405, 'max_abs_logit_diff_vs_default': 0.0, 'uses_bi_linear': False, 'uses_cublas': True, 'uses_triton_attention': False, 'uses_expected_path': True}
USDT:2026-09-22 19:21:14 2515:2515 SyncActivityProfilerHandler.cpp:39] profiler_start
USDT:2026-09-22 19:21:14 2515:2515 SyncActivityProfilerHandler.cpp:46] profiler_stop
  B=1 tri_attn: {'first_call_s': 24.246789259000252, 'max_abs_logit_diff_vs_default': 9.125, 'uses_bi_linear': False, 'uses_cublas': True, 'uses_triton_attention': True, 'uses_expected_path': True}
USDT:2026-09-22 19:21:31 2515:2515 SyncActivityProfilerHandler.cpp:39] profiler_start
USDT:2026-09-22 19:21:31 2515:2515 SyncActivityProfilerHandler.cpp:46] profiler_stop
  B=1 bi: {'first_call_s': 16.381598821999432, 'max_abs_logit_diff_vs_default': 11.25, 'uses_bi_linear': True, 'uses_cublas': False, 'uses_triton_attention': True, 'uses_expected_path': True}
/tmp/torchinductor_<user>/rt/crtvex5pjchayngcvj2b5h76peclumktnpoed6t55zcaytoe3ooz.py:36: unknown: block: [2,0,0], thread: [96,0,0] Assertion `index out of bounds: 0 <= tmp7 < 640` failed.
/tmp/torchinductor_<user>/rt/crtvex5pjchayngcvj2b5h76peclumktnpoed6t55zcaytoe3ooz.py:36: unknown: block: [2,0,0], thread: [97,0,0] Assertion `index out of bounds: 0 <= tmp7 < 640` failed.
/tmp/torchinductor_<user>/rt/crtvex5pjchayngcvj2b5h76peclumktnpoed6t55zcaytoe3ooz.py:36: unknown: block: [2,0,0], thread: [98,0,0] Assertion `index out of bounds: 0 <= tmp7 < 640` failed.
/tmp/torchinductor_<user>/rt/crtvex5pjchayngcvj2b5h76peclumktnpoed6t55zcaytoe3ooz.py:36: unknown: block: [2,0,0], thread: [99,0,0] Assertion `index out of bounds: 0 <= tmp7 < 640` failed.
/tmp/torchinductor_<user>/rt/crtvex5pjchayngcvj2b5h76peclumktnpoed6t55zcaytoe3ooz.py:36: unknown: block: [2,0,0], thread: [100,0,0] Assertion `index out of bounds: 0 <= tmp7 < 640` failed.
/tmp/torchinductor_<user>/rt/crtvex5pjchayngcvj2b5h76peclumktnpoed6t55zcaytoe3ooz.py:36: unknown: block: [2,0,0], thread: [101,0,0] Assertion `index out of bounds: 0 <= tmp7 < 640` failed.
/tmp/torchinductor_<user>/rt/crtvex5pjchayngcvj2b5h76peclumktnpoed6t55zcaytoe3ooz.py:36: unknown: block: [2,0,0], thread: [102,0,0] Assertion `index out of bounds: 0 <= tmp7 < 640` failed.
/tmp/torchinductor_<user>/rt/crtvex5pjchayngcvj2b5h76peclumktnpoed6t55zcaytoe3ooz.py:36: unknown: block: [2,0,0], thread: [103,0,0] Assertion `index out of bounds: 0 <= tmp7 < 640` failed.
/tmp/torchinductor_<user>/rt/crtvex5pjchayngcvj2b5h76peclumktnpoed6t55zcaytoe3ooz.py:36: unknown: block: [2,0,0], thread: [104,0,0] Assertion `index out of bounds: 0 <= tmp7 < 640` failed.
/tmp/torchinductor_<user>/rt/crtvex5pjchayngcvj2b5h76peclumktnpoed6t55zcaytoe3ooz.py:36: unknown: block: [2,0,0], thread: [105,0,0] Assertion `index out of bounds: 0 <= tmp7 < 640` failed.
/tmp/torchinductor_<user>/rt/crtvex5pjchayngcvj2b5h76peclumktnpoed6t55zcaytoe3ooz.py:36: unknown: block: [2,0,0], thread: [106,0,0] Assertion `index out of bounds: 0 <= tmp7 < 640` failed.
/tmp/torchinductor_<user>/rt/crtvex5pjchayngcvj2b5h76peclumktnpoed6t55zcaytoe3ooz.py:36: unknown: block: [2,0,0], thread: [107,0,0] Assertion `index out of bounds: 0 <= tmp7 < 640` failed.
/tmp/torchinductor_<user>/rt/crtvex5pjchayngcvj2b5h76peclumktnpoed6t55zcaytoe3ooz.py:36: unknown: block: [2,0,0], thread: [108,0,0] Assertion `index out of bounds: 0 <= tmp7 < 640` failed.
/tmp/torchinductor_<user>/rt/crtvex5pjchayngcvj2b5h76peclumktnpoed6t55zcaytoe3ooz.py:36: unknown: block: [2,0,0], thread: [109,0,0] Assertion `index out of bounds: 0 <= tmp7 < 640` failed.
/tmp/torchinductor_<user>/rt/crtvex5pjchayngcvj2b5h76peclumktnpoed6t55zcaytoe3ooz.py:36: unknown: block: [2,0,0], thread: [110,0,0] Assertion `index out of bounds: 0 <= tmp7 < 640` failed.
/tmp/torchinductor_<user>/rt/crtvex5pjchayngcvj2b5h76peclumktnpoed6t55zcaytoe3ooz.py:36: unknown: block: [2,0,0], thread: [111,0,0] Assertion `index out of bounds: 0 <= tmp7 < 640` failed.
/tmp/torchinductor_<user>/rt/crtvex5pjchayngcvj2b5h76peclumktnpoed6t55zcaytoe3ooz.py:36: unknown: block: [2,0,0], thread: [112,0,0] Assertion `index out of bounds: 0 <= tmp7 < 640` failed.
/tmp/torchinductor_<user>/rt/crtvex5pjchayngcvj2b5h76peclumktnpoed6t55zcaytoe3ooz.py:36: unknown: block: [2,0,0], thread: [113,0,0] Assertion `index out of bounds: 0 <= tmp7 < 640` failed.
/tmp/torchinductor_<user>/rt/crtvex5pjchayngcvj2b5h76peclumktnpoed6t55zcaytoe3ooz.py:36: unknown: block: [2,0,0], thread: [114,0,0] Assertion `index out of bounds: 0 <= tmp7 < 640` failed.
/tmp/torchinductor_<user>/rt/crtvex5pjchayngcvj2b5h76peclumktnpoed6t55zcaytoe3ooz.py:36: unknown: block: [2,0,0], thread: [115,0,0] Assertion `index out of bounds: 0 <= tmp7 < 640` failed.
/tmp/torchinductor_<user>/rt/crtvex5pjchayngcvj2b5h76peclumktnpoed6t55zcaytoe3ooz.py:36: unknown: block: [2,0,0], thread: [116,0,0] Assertion `index out of bounds: 0 <= tmp7 < 640` failed.
/tmp/torchinductor_<user>/rt/crtvex5pjchayngcvj2b5h76peclumktnpoed6t55zcaytoe3ooz.py:36: unknown: block: [2,0,0], thread: [117,0,0] Assertion `index out of bounds: 0 <= tmp7 < 640` failed.
/tmp/torchinductor_<user>/rt/crtvex5pjchayngcvj2b5h76peclumktnpoed6t55zcaytoe3ooz.py:36: unknown: block: [2,0,0], thread: [118,0,0] Assertion `index out of bounds: 0 <= tmp7 < 640` failed.
/tmp/torchinductor_<user>/rt/crtvex5pjchayngcvj2b5h76peclumktnpoed6t55zcaytoe3ooz.py:36: unknown: block: [2,0,0], thread: [119,0,0] Assertion `index out of bounds: 0 <= tmp7 < 640` failed.
/tmp/torchinductor_<user>/rt/crtvex5pjchayngcvj2b5h76peclumktnpoed6t55zcaytoe3ooz.py:36: unknown: block: [2,0,0], thread: [120,0,0] Assertion `index out of bounds: 0 <= tmp7 < 640` failed.
/tmp/torchinductor_<user>/rt/crtvex5pjchayngcvj2b5h76peclumktnpoed6t55zcaytoe3ooz.py:36: unknown: block: [2,0,0], thread: [121,0,0] Assertion `index out of bounds: 0 <= tmp7 < 640` failed.
/tmp/torchinductor_<user>/rt/crtvex5pjchayngcvj2b5h76peclumktnpoed6t55zcaytoe3ooz.py:36: unknown: block: [2,0,0], thread: [122,0,0] Assertion `index out of bounds: 0 <= tmp7 < 640` failed.
/tmp/torchinductor_<user>/rt/crtvex5pjchayngcvj2b5h76peclumktnpoed6t55zcaytoe3ooz.py:36: unknown: block: [2,0,0], thread: [123,0,0] Assertion `index out of bounds: 0 <= tmp7 < 640` failed.
/tmp/torchinductor_<user>/rt/crtvex5pjchayngcvj2b5h76peclumktnpoed6t55zcaytoe3ooz.py:36: unknown: block: [2,0,0], thread: [124,0,0] Assertion `index out of bounds: 0 <= tmp7 < 640` failed.
/tmp/torchinductor_<user>/rt/crtvex5pjchayngcvj2b5h76peclumktnpoed6t55zcaytoe3ooz.py:36: unknown: block: [2,0,0], thread: [125,0,0] Assertion `index out of bounds: 0 <= tmp7 < 640` failed.
/tmp/torchinductor_<user>/rt/crtvex5pjchayngcvj2b5h76peclumktnpoed6t55zcaytoe3ooz.py:36: unknown: block: [2,0,0], thread: [126,0,0] Assertion `index out of bounds: 0 <= tmp7 < 640` failed.
/tmp/torchinductor_<user>/rt/crtvex5pjchayngcvj2b5h76peclumktnpoed6t55zcaytoe3ooz.py:36: unknown: block: [2,0,0], thread: [127,0,0] Assertion `index out of bounds: 0 <= tmp7 < 640` failed.
/tmp/torchinductor_<user>/rt/crtvex5pjchayngcvj2b5h76peclumktnpoed6t55zcaytoe3ooz.py:36: unknown: block: [2,0,0], thread: [32,0,0] Assertion `index out of bounds: 0 <= tmp7 < 640` failed.
/tmp/torchinductor_<user>/rt/crtvex5pjchayngcvj2b5h76peclumktnpoed6t55zcaytoe3ooz.py:36: unknown: block: [2,0,0], thread: [33,0,0] Assertion `index out of bounds: 0 <= tmp7 < 640` failed.
/tmp/torchinductor_<user>/rt/crtvex5pjchayngcvj2b5h76peclumktnpoed6t55zcaytoe3ooz.py:36: unknown: block: [2,0,0], thread: [34,0,0] Assertion `index out of bounds: 0 <= tmp7 < 640` failed.
/tmp/torchinductor_<user>/rt/crtvex5pjchayngcvj2b5h76peclumktnpoed6t55zcaytoe3ooz.py:36: unknown: block: [2,0,0], thread: [35,0,0] Assertion `index out of bounds: 0 <= tmp7 < 640` failed.
/tmp/torchinductor_<user>/rt/crtvex5pjchayngcvj2b5h76peclumktnpoed6t55zcaytoe3ooz.py:36: unknown: block: [2,0,0], thread: [36,0,0] Assertion `index out of bounds: 0 <= tmp7 < 640` failed.
/tmp/torchinductor_<user>/rt/crtvex5pjchayngcvj2b5h76peclumktnpoed6t55zcaytoe3ooz.py:36: unknown: block: [2,0,0], thread: [37,0,0] Assertion `index out of bounds: 0 <= tmp7 < 640` failed.
/tmp/torchinductor_<user>/rt/crtvex5pjchayngcvj2b5h76peclumktnpoed6t55zcaytoe3ooz.py:36: unknown: block: [2,0,0], thread: [38,0,0] Assertion `index out of bounds: 0 <= tmp7 < 640` failed.
/tmp/torchinductor_<user>/rt/crtvex5pjchayngcvj2b5h76peclumktnpoed6t55zcaytoe3ooz.py:36: unknown: block: [2,0,0], thread: [39,0,0] Assertion `index out of bounds: 0 <= tmp7 < 640` failed.
/tmp/torchinductor_<user>/rt/crtvex5pjchayngcvj2b5h76peclumktnpoed6t55zcaytoe3ooz.py:36: unknown: block: [2,0,0], thread: [40,0,0] Assertion `index out of bounds: 0 <= tmp7 < 640` failed.
/tmp/torchinductor_<user>/rt/crtvex5pjchayngcvj2b5h76peclumktnpoed6t55zcaytoe3ooz.py:36: unknown: block: [2,0,0], thread: [41,0,0] Assertion `index out of bounds: 0 <= tmp7 < 640` failed.
/tmp/torchinductor_<user>/rt/crtvex5pjchayngcvj2b5h76peclumktnpoed6t55zcaytoe3ooz.py:36: unknown: block: [2,0,0], thread: [42,0,0] Assertion `index out of bounds: 0 <= tmp7 < 640` failed.
/tmp/torchinductor_<user>/rt/crtvex5pjchayngcvj2b5h76peclumktnpoed6t55zcaytoe3ooz.py:36: unknown: block: [2,0,0], thread: [43,0,0] Assertion `index out of bounds: 0 <= tmp7 < 640` failed.
/tmp/torchinductor_<user>/rt/crtvex5pjchayngcvj2b5h76peclumktnpoed6t55zcaytoe3ooz.py:36: unknown: block: [2,0,0], thread: [44,0,0] Assertion `index out of bounds: 0 <= tmp7 < 640` failed.
/tmp/torchinductor_<user>/rt/crtvex5pjchayngcvj2b5h76peclumktnpoed6t55zcaytoe3ooz.py:36: unknown: block: [2,0,0], thread: [45,0,0] Assertion `index out of bounds: 0 <= tmp7 < 640` failed.
/tmp/torchinductor_<user>/rt/crtvex5pjchayngcvj2b5h76peclumktnpoed6t55zcaytoe3ooz.py:36: unknown: block: [2,0,0], thread: [46,0,0] Assertion `index out of bounds: 0 <= tmp7 < 640` failed.
/tmp/torchinductor_<user>/rt/crtvex5pjchayngcvj2b5h76peclumktnpoed6t55zcaytoe3ooz.py:36: unknown: block: [2,0,0], thread: [47,0,0] Assertion `index out of bounds: 0 <= tmp7 < 640` failed.
/tmp/torchinductor_<user>/rt/crtvex5pjchayngcvj2b5h76peclumktnpoed6t55zcaytoe3ooz.py:36: unknown: block: [2,0,0], thread: [48,0,0] Assertion `index out of bounds: 0 <= tmp7 < 640` failed.
/tmp/torchinductor_<user>/rt/crtvex5pjchayngcvj2b5h76peclumktnpoed6t55zcaytoe3ooz.py:36: unknown: block: [2,0,0], thread: [49,0,0] Assertion `index out of bounds: 0 <= tmp7 < 640` failed.
/tmp/torchinductor_<user>/rt/crtvex5pjchayngcvj2b5h76peclumktnpoed6t55zcaytoe3ooz.py:36: unknown: block: [2,0,0], thread: [50,0,0] Assertion `index out of bounds: 0 <= tmp7 < 640` failed.
/tmp/torchinductor_<user>/rt/crtvex5pjchayngcvj2b5h76peclumktnpoed6t55zcaytoe3ooz.py:36: unknown: block: [2,0,0], thread: [51,0,0] Assertion `index out of bounds: 0 <= tmp7 < 640` failed.
/tmp/torchinductor_<user>/rt/crtvex5pjchayngcvj2b5h76peclumktnpoed6t55zcaytoe3ooz.py:36: unknown: block: [2,0,0], thread: [52,0,0] Assertion `index out of bounds: 0 <= tmp7 < 640` failed.
/tmp/torchinductor_<user>/rt/crtvex5pjchayngcvj2b5h76peclumktnpoed6t55zcaytoe3ooz.py:36: unknown: block: [2,0,0], thread: [53,0,0] Assertion `index out of bounds: 0 <= tmp7 < 640` failed.
/tmp/torchinductor_<user>/rt/crtvex5pjchayngcvj2b5h76peclumktnpoed6t55zcaytoe3ooz.py:36: unknown: block: [2,0,0], thread: [54,0,0] Assertion `index out of bounds: 0 <= tmp7 < 640` failed.
/tmp/torchinductor_<user>/rt/crtvex5pjchayngcvj2b5h76peclumktnpoed6t55zcaytoe3ooz.py:36: unknown: block: [2,0,0], thread: [55,0,0] Assertion `index out of bounds: 0 <= tmp7 < 640` failed.
/tmp/torchinductor_<user>/rt/crtvex5pjchayngcvj2b5h76peclumktnpoed6t55zcaytoe3ooz.py:36: unknown: block: [2,0,0], thread: [56,0,0] Assertion `index out of bounds: 0 <= tmp7 < 640` failed.
/tmp/torchinductor_<user>/rt/crtvex5pjchayngcvj2b5h76peclumktnpoed6t55zcaytoe3ooz.py:36: unknown: block: [2,0,0], thread: [57,0,0] Assertion `index out of bounds: 0 <= tmp7 < 640` failed.
/tmp/torchinductor_<user>/rt/crtvex5pjchayngcvj2b5h76peclumktnpoed6t55zcaytoe3ooz.py:36: unknown: block: [2,0,0], thread: [58,0,0] Assertion `index out of bounds: 0 <= tmp7 < 640` failed.
/tmp/torchinductor_<user>/rt/crtvex5pjchayngcvj2b5h76peclumktnpoed6t55zcaytoe3ooz.py:36: unknown: block: [2,0,0], thread: [59,0,0] Assertion `index out of bounds: 0 <= tmp7 < 640` failed.
/tmp/torchinductor_<user>/rt/crtvex5pjchayngcvj2b5h76peclumktnpoed6t55zcaytoe3ooz.py:36: unknown: block: [2,0,0], thread: [60,0,0] Assertion `index out of bounds: 0 <= tmp7 < 640` failed.
/tmp/torchinductor_<user>/rt/crtvex5pjchayngcvj2b5h76peclumktnpoed6t55zcaytoe3ooz.py:36: unknown: block: [2,0,0], thread: [61,0,0] Assertion `index out of bounds: 0 <= tmp7 < 640` failed.
/tmp/torchinductor_<user>/rt/crtvex5pjchayngcvj2b5h76peclumktnpoed6t55zcaytoe3ooz.py:36: unknown: block: [2,0,0], thread: [62,0,0] Assertion `index out of bounds: 0 <= tmp7 < 640` failed.
/tmp/torchinductor_<user>/rt/crtvex5pjchayngcvj2b5h76peclumktnpoed6t55zcaytoe3ooz.py:36: unknown: block: [2,0,0], thread: [63,0,0] Assertion `index out of bounds: 0 <= tmp7 < 640` failed.
/tmp/torchinductor_<user>/rt/crtvex5pjchayngcvj2b5h76peclumktnpoed6t55zcaytoe3ooz.py:36: unknown: block: [2,0,0], thread: [0,0,0] Assertion `index out of bounds: 0 <= tmp7 < 640` failed.
/tmp/torchinductor_<user>/rt/crtvex5pjchayngcvj2b5h76peclumktnpoed6t55zcaytoe3ooz.py:36: unknown: block: [2,0,0], thread: [1,0,0] Assertion `index out of bounds: 0 <= tmp7 < 640` failed.
/tmp/torchinductor_<user>/rt/crtvex5pjchayngcvj2b5h76peclumktnpoed6t55zcaytoe3ooz.py:36: unknown: block: [2,0,0], thread: [2,0,0] Assertion `index out of bounds: 0 <= tmp7 < 640` failed.
/tmp/torchinductor_<user>/rt/crtvex5pjchayngcvj2b5h76peclumktnpoed6t55zcaytoe3ooz.py:36: unknown: block: [2,0,0], thread: [3,0,0] Assertion `index out of bounds: 0 <= tmp7 < 640` failed.
/tmp/torchinductor_<user>/rt/crtvex5pjchayngcvj2b5h76peclumktnpoed6t55zcaytoe3ooz.py:36: unknown: block: [2,0,0], thread: [4,0,0] Assertion `index out of bounds: 0 <= tmp7 < 640` failed.
/tmp/torchinductor_<user>/rt/crtvex5pjchayngcvj2b5h76peclumktnpoed6t55zcaytoe3ooz.py:36: unknown: block: [2,0,0], thread: [5,0,0] Assertion `index out of bounds: 0 <= tmp7 < 640` failed.
/tmp/torchinductor_<user>/rt/crtvex5pjchayngcvj2b5h76peclumktnpoed6t55zcaytoe3ooz.py:36: unknown: block: [2,0,0], thread: [6,0,0] Assertion `index out of bounds: 0 <= tmp7 < 640` failed.
/tmp/torchinductor_<user>/rt/crtvex5pjchayngcvj2b5h76peclumktnpoed6t55zcaytoe3ooz.py:36: unknown: block: [2,0,0], thread: [7,0,0] Assertion `index out of bounds: 0 <= tmp7 < 640` failed.
/tmp/torchinductor_<user>/rt/crtvex5pjchayngcvj2b5h76peclumktnpoed6t55zcaytoe3ooz.py:36: unknown: block: [2,0,0], thread: [8,0,0] Assertion `index out of bounds: 0 <= tmp7 < 640` failed.
/tmp/torchinductor_<user>/rt/crtvex5pjchayngcvj2b5h76peclumktnpoed6t55zcaytoe3ooz.py:36: unknown: block: [2,0,0], thread: [9,0,0] Assertion `index out of bounds: 0 <= tmp7 < 640` failed.
/tmp/torchinductor_<user>/rt/crtvex5pjchayngcvj2b5h76peclumktnpoed6t55zcaytoe3ooz.py:36: unknown: block: [2,0,0], thread: [10,0,0] Assertion `index out of bounds: 0 <= tmp7 < 640` failed.
/tmp/torchinductor_<user>/rt/crtvex5pjchayngcvj2b5h76peclumktnpoed6t55zcaytoe3ooz.py:36: unknown: block: [2,0,0], thread: [11,0,0] Assertion `index out of bounds: 0 <= tmp7 < 640` failed.
/tmp/torchinductor_<user>/rt/crtvex5pjchayngcvj2b5h76peclumktnpoed6t55zcaytoe3ooz.py:36: unknown: block: [2,0,0], thread: [12,0,0] Assertion `index out of bounds: 0 <= tmp7 < 640` failed.
/tmp/torchinductor_<user>/rt/crtvex5pjchayngcvj2b5h76peclumktnpoed6t55zcaytoe3ooz.py:36: unknown: block: [2,0,0], thread: [13,0,0] Assertion `index out of bounds: 0 <= tmp7 < 640` failed.
/tmp/torchinductor_<user>/rt/crtvex5pjchayngcvj2b5h76peclumktnpoed6t55zcaytoe3ooz.py:36: unknown: block: [2,0,0], thread: [14,0,0] Assertion `index out of bounds: 0 <= tmp7 < 640` failed.
/tmp/torchinductor_<user>/rt/crtvex5pjchayngcvj2b5h76peclumktnpoed6t55zcaytoe3ooz.py:36: unknown: block: [2,0,0], thread: [15,0,0] Assertion `index out of bounds: 0 <= tmp7 < 640` failed.
/tmp/torchinductor_<user>/rt/crtvex5pjchayngcvj2b5h76peclumktnpoed6t55zcaytoe3ooz.py:36: unknown: block: [2,0,0], thread: [16,0,0] Assertion `index out of bounds: 0 <= tmp7 < 640` failed.
/tmp/torchinductor_<user>/rt/crtvex5pjchayngcvj2b5h76peclumktnpoed6t55zcaytoe3ooz.py:36: unknown: block: [2,0,0], thread: [17,0,0] Assertion `index out of bounds: 0 <= tmp7 < 640` failed.
/tmp/torchinductor_<user>/rt/crtvex5pjchayngcvj2b5h76peclumktnpoed6t55zcaytoe3ooz.py:36: unknown: block: [2,0,0], thread: [18,0,0] Assertion `index out of bounds: 0 <= tmp7 < 640` failed.
/tmp/torchinductor_<user>/rt/crtvex5pjchayngcvj2b5h76peclumktnpoed6t55zcaytoe3ooz.py:36: unknown: block: [2,0,0], thread: [19,0,0] Assertion `index out of bounds: 0 <= tmp7 < 640` failed.
/tmp/torchinductor_<user>/rt/crtvex5pjchayngcvj2b5h76peclumktnpoed6t55zcaytoe3ooz.py:36: unknown: block: [2,0,0], thread: [20,0,0] Assertion `index out of bounds: 0 <= tmp7 < 640` failed.
/tmp/torchinductor_<user>/rt/crtvex5pjchayngcvj2b5h76peclumktnpoed6t55zcaytoe3ooz.py:36: unknown: block: [2,0,0], thread: [21,0,0] Assertion `index out of bounds: 0 <= tmp7 < 640` failed.
/tmp/torchinductor_<user>/rt/crtvex5pjchayngcvj2b5h76peclumktnpoed6t55zcaytoe3ooz.py:36: unknown: block: [2,0,0], thread: [22,0,0] Assertion `index out of bounds: 0 <= tmp7 < 640` failed.
/tmp/torchinductor_<user>/rt/crtvex5pjchayngcvj2b5h76peclumktnpoed6t55zcaytoe3ooz.py:36: unknown: block: [2,0,0], thread: [23,0,0] Assertion `index out of bounds: 0 <= tmp7 < 640` failed.
/tmp/torchinductor_<user>/rt/crtvex5pjchayngcvj2b5h76peclumktnpoed6t55zcaytoe3ooz.py:36: unknown: block: [2,0,0], thread: [24,0,0] Assertion `index out of bounds: 0 <= tmp7 < 640` failed.
/tmp/torchinductor_<user>/rt/crtvex5pjchayngcvj2b5h76peclumktnpoed6t55zcaytoe3ooz.py:36: unknown: block: [2,0,0], thread: [25,0,0] Assertion `index out of bounds: 0 <= tmp7 < 640` failed.
/tmp/torchinductor_<user>/rt/crtvex5pjchayngcvj2b5h76peclumktnpoed6t55zcaytoe3ooz.py:36: unknown: block: [2,0,0], thread: [26,0,0] Assertion `index out of bounds: 0 <= tmp7 < 640` failed.
/tmp/torchinductor_<user>/rt/crtvex5pjchayngcvj2b5h76peclumktnpoed6t55zcaytoe3ooz.py:36: unknown: block: [2,0,0], thread: [27,0,0] Assertion `index out of bounds: 0 <= tmp7 < 640` failed.
/tmp/torchinductor_<user>/rt/crtvex5pjchayngcvj2b5h76peclumktnpoed6t55zcaytoe3ooz.py:36: unknown: block: [2,0,0], thread: [28,0,0] Assertion `index out of bounds: 0 <= tmp7 < 640` failed.
/tmp/torchinductor_<user>/rt/crtvex5pjchayngcvj2b5h76peclumktnpoed6t55zcaytoe3ooz.py:36: unknown: block: [2,0,0], thread: [29,0,0] Assertion `index out of bounds: 0 <= tmp7 < 640` failed.
/tmp/torchinductor_<user>/rt/crtvex5pjchayngcvj2b5h76peclumktnpoed6t55zcaytoe3ooz.py:36: unknown: block: [2,0,0], thread: [30,0,0] Assertion `index out of bounds: 0 <= tmp7 < 640` failed.
/tmp/torchinductor_<user>/rt/crtvex5pjchayngcvj2b5h76peclumktnpoed6t55zcaytoe3ooz.py:36: unknown: block: [2,0,0], thread: [31,0,0] Assertion `index out of bounds: 0 <= tmp7 < 640` failed.
/tmp/torchinductor_<user>/rt/crtvex5pjchayngcvj2b5h76peclumktnpoed6t55zcaytoe3ooz.py:36: unknown: block: [2,0,0], thread: [64,0,0] Assertion `index out of bounds: 0 <= tmp7 < 640` failed.
/tmp/torchinductor_<user>/rt/crtvex5pjchayngcvj2b5h76peclumktnpoed6t55zcaytoe3ooz.py:36: unknown: block: [2,0,0], thread: [65,0,0] Assertion `index out of bounds: 0 <= tmp7 < 640` failed.
/tmp/torchinductor_<user>/rt/crtvex5pjchayngcvj2b5h76peclumktnpoed6t55zcaytoe3ooz.py:36: unknown: block: [2,0,0], thread: [66,0,0] Assertion `index out of bounds: 0 <= tmp7 < 640` failed.
/tmp/torchinductor_<user>/rt/crtvex5pjchayngcvj2b5h76peclumktnpoed6t55zcaytoe3ooz.py:36: unknown: block: [2,0,0], thread: [67,0,0] Assertion `index out of bounds: 0 <= tmp7 < 640` failed.
/tmp/torchinductor_<user>/rt/crtvex5pjchayngcvj2b5h76peclumktnpoed6t55zcaytoe3ooz.py:36: unknown: block: [2,0,0], thread: [68,0,0] Assertion `index out of bounds: 0 <= tmp7 < 640` failed.
/tmp/torchinductor_<user>/rt/crtvex5pjchayngcvj2b5h76peclumktnpoed6t55zcaytoe3ooz.py:36: unknown: block: [2,0,0], thread: [69,0,0] Assertion `index out of bounds: 0 <= tmp7 < 640` failed.
/tmp/torchinductor_<user>/rt/crtvex5pjchayngcvj2b5h76peclumktnpoed6t55zcaytoe3ooz.py:36: unknown: block: [2,0,0], thread: [70,0,0] Assertion `index out of bounds: 0 <= tmp7 < 640` failed.
/tmp/torchinductor_<user>/rt/crtvex5pjchayngcvj2b5h76peclumktnpoed6t55zcaytoe3ooz.py:36: unknown: block: [2,0,0], thread: [71,0,0] Assertion `index out of bounds: 0 <= tmp7 < 640` failed.
/tmp/torchinductor_<user>/rt/crtvex5pjchayngcvj2b5h76peclumktnpoed6t55zcaytoe3ooz.py:36: unknown: block: [2,0,0], thread: [72,0,0] Assertion `index out of bounds: 0 <= tmp7 < 640` failed.
/tmp/torchinductor_<user>/rt/crtvex5pjchayngcvj2b5h76peclumktnpoed6t55zcaytoe3ooz.py:36: unknown: block: [2,0,0], thread: [73,0,0] Assertion `index out of bounds: 0 <= tmp7 < 640` failed.
/tmp/torchinductor_<user>/rt/crtvex5pjchayngcvj2b5h76peclumktnpoed6t55zcaytoe3ooz.py:36: unknown: block: [2,0,0], thread: [74,0,0] Assertion `index out of bounds: 0 <= tmp7 < 640` failed.
/tmp/torchinductor_<user>/rt/crtvex5pjchayngcvj2b5h76peclumktnpoed6t55zcaytoe3ooz.py:36: unknown: block: [2,0,0], thread: [75,0,0] Assertion `index out of bounds: 0 <= tmp7 < 640` failed.
/tmp/torchinductor_<user>/rt/crtvex5pjchayngcvj2b5h76peclumktnpoed6t55zcaytoe3ooz.py:36: unknown: block: [2,0,0], thread: [76,0,0] Assertion `index out of bounds: 0 <= tmp7 < 640` failed.
/tmp/torchinductor_<user>/rt/crtvex5pjchayngcvj2b5h76peclumktnpoed6t55zcaytoe3ooz.py:36: unknown: block: [2,0,0], thread: [77,0,0] Assertion `index out of bounds: 0 <= tmp7 < 640` failed.
/tmp/torchinductor_<user>/rt/crtvex5pjchayngcvj2b5h76peclumktnpoed6t55zcaytoe3ooz.py:36: unknown: block: [2,0,0], thread: [78,0,0] Assertion `index out of bounds: 0 <= tmp7 < 640` failed.
/tmp/torchinductor_<user>/rt/crtvex5pjchayngcvj2b5h76peclumktnpoed6t55zcaytoe3ooz.py:36: unknown: block: [2,0,0], thread: [79,0,0] Assertion `index out of bounds: 0 <= tmp7 < 640` failed.
/tmp/torchinductor_<user>/rt/crtvex5pjchayngcvj2b5h76peclumktnpoed6t55zcaytoe3ooz.py:36: unknown: block: [2,0,0], thread: [80,0,0] Assertion `index out of bounds: 0 <= tmp7 < 640` failed.
/tmp/torchinductor_<user>/rt/crtvex5pjchayngcvj2b5h76peclumktnpoed6t55zcaytoe3ooz.py:36: unknown: block: [2,0,0], thread: [81,0,0] Assertion `index out of bounds: 0 <= tmp7 < 640` failed.
/tmp/torchinductor_<user>/rt/crtvex5pjchayngcvj2b5h76peclumktnpoed6t55zcaytoe3ooz.py:36: unknown: block: [2,0,0], thread: [82,0,0] Assertion `index out of bounds: 0 <= tmp7 < 640` failed.
/tmp/torchinductor_<user>/rt/crtvex5pjchayngcvj2b5h76peclumktnpoed6t55zcaytoe3ooz.py:36: unknown: block: [2,0,0], thread: [83,0,0] Assertion `index out of bounds: 0 <= tmp7 < 640` failed.
/tmp/torchinductor_<user>/rt/crtvex5pjchayngcvj2b5h76peclumktnpoed6t55zcaytoe3ooz.py:36: unknown: block: [2,0,0], thread: [84,0,0] Assertion `index out of bounds: 0 <= tmp7 < 640` failed.
/tmp/torchinductor_<user>/rt/crtvex5pjchayngcvj2b5h76peclumktnpoed6t55zcaytoe3ooz.py:36: unknown: block: [2,0,0], thread: [85,0,0] Assertion `index out of bounds: 0 <= tmp7 < 640` failed.
/tmp/torchinductor_<user>/rt/crtvex5pjchayngcvj2b5h76peclumktnpoed6t55zcaytoe3ooz.py:36: unknown: block: [2,0,0], thread: [86,0,0] Assertion `index out of bounds: 0 <= tmp7 < 640` failed.
/tmp/torchinductor_<user>/rt/crtvex5pjchayngcvj2b5h76peclumktnpoed6t55zcaytoe3ooz.py:36: unknown: block: [2,0,0], thread: [87,0,0] Assertion `index out of bounds: 0 <= tmp7 < 640` failed.
/tmp/torchinductor_<user>/rt/crtvex5pjchayngcvj2b5h76peclumktnpoed6t55zcaytoe3ooz.py:36: unknown: block: [2,0,0], thread: [88,0,0] Assertion `index out of bounds: 0 <= tmp7 < 640` failed.
/tmp/torchinductor_<user>/rt/crtvex5pjchayngcvj2b5h76peclumktnpoed6t55zcaytoe3ooz.py:36: unknown: block: [2,0,0], thread: [89,0,0] Assertion `index out of bounds: 0 <= tmp7 < 640` failed.
/tmp/torchinductor_<user>/rt/crtvex5pjchayngcvj2b5h76peclumktnpoed6t55zcaytoe3ooz.py:36: unknown: block: [2,0,0], thread: [90,0,0] Assertion `index out of bounds: 0 <= tmp7 < 640` failed.
/tmp/torchinductor_<user>/rt/crtvex5pjchayngcvj2b5h76peclumktnpoed6t55zcaytoe3ooz.py:36: unknown: block: [2,0,0], thread: [91,0,0] Assertion `index out of bounds: 0 <= tmp7 < 640` failed.
/tmp/torchinductor_<user>/rt/crtvex5pjchayngcvj2b5h76peclumktnpoed6t55zcaytoe3ooz.py:36: unknown: block: [2,0,0], thread: [92,0,0] Assertion `index out of bounds: 0 <= tmp7 < 640` failed.
/tmp/torchinductor_<user>/rt/crtvex5pjchayngcvj2b5h76peclumktnpoed6t55zcaytoe3ooz.py:36: unknown: block: [2,0,0], thread: [93,0,0] Assertion `index out of bounds: 0 <= tmp7 < 640` failed.
/tmp/torchinductor_<user>/rt/crtvex5pjchayngcvj2b5h76peclumktnpoed6t55zcaytoe3ooz.py:36: unknown: block: [2,0,0], thread: [94,0,0] Assertion `index out of bounds: 0 <= tmp7 < 640` failed.
/tmp/torchinductor_<user>/rt/crtvex5pjchayngcvj2b5h76peclumktnpoed6t55zcaytoe3ooz.py:36: unknown: block: [2,0,0], thread: [95,0,0] Assertion `index out of bounds: 0 <= tmp7 < 640` failed.
/tmp/torchinductor_<user>/rt/crtvex5pjchayngcvj2b5h76peclumktnpoed6t55zcaytoe3ooz.py:36: unknown: block: [1,0,0], thread: [32,0,0] Assertion `index out of bounds: 0 <= tmp7 < 640` failed.
/tmp/torchinductor_<user>/rt/crtvex5pjchayngcvj2b5h76peclumktnpoed6t55zcaytoe3ooz.py:36: unknown: block: [1,0,0], thread: [33,0,0] Assertion `index out of bounds: 0 <= tmp7 < 640` failed.
/tmp/torchinductor_<user>/rt/crtvex5pjchayngcvj2b5h76peclumktnpoed6t55zcaytoe3ooz.py:36: unknown: block: [1,0,0], thread: [34,0,0] Assertion `index out of bounds: 0 <= tmp7 < 640` failed.
/tmp/torchinductor_<user>/rt/crtvex5pjchayngcvj2b5h76peclumktnpoed6t55zcaytoe3ooz.py:36: unknown: block: [1,0,0], thread: [35,0,0] Assertion `index out of bounds: 0 <= tmp7 < 640` failed.
/tmp/torchinductor_<user>/rt/crtvex5pjchayngcvj2b5h76peclumktnpoed6t55zcaytoe3ooz.py:36: unknown: block: [1,0,0], thread: [36,0,0] Assertion `index out of bounds: 0 <= tmp7 < 640` failed.
/tmp/torchinductor_<user>/rt/crtvex5pjchayngcvj2b5h76peclumktnpoed6t55zcaytoe3ooz.py:36: unknown: block: [1,0,0], thread: [37,0,0] Assertion `index out of bounds: 0 <= tmp7 < 640` failed.
/tmp/torchinductor_<user>/rt/crtvex5pjchayngcvj2b5h76peclumktnpoed6t55zcaytoe3ooz.py:36: unknown: block: [1,0,0], thread: [38,0,0] Assertion `index out of bounds: 0 <= tmp7 < 640` failed.
/tmp/torchinductor_<user>/rt/crtvex5pjchayngcvj2b5h76peclumktnpoed6t55zcaytoe3ooz.py:36: unknown: block: [1,0,0], thread: [39,0,0] Assertion `index out of bounds: 0 <= tmp7 < 640` failed.
/tmp/torchinductor_<user>/rt/crtvex5pjchayngcvj2b5h76peclumktnpoed6t55zcaytoe3ooz.py:36: unknown: block: [1,0,0], thread: [40,0,0] Assertion `index out of bounds: 0 <= tmp7 < 640` failed.
/tmp/torchinductor_<user>/rt/crtvex5pjchayngcvj2b5h76peclumktnpoed6t55zcaytoe3ooz.py:36: unknown: block: [1,0,0], thread: [41,0,0] Assertion `index out of bounds: 0 <= tmp7 < 640` failed.
/tmp/torchinductor_<user>/rt/crtvex5pjchayngcvj2b5h76peclumktnpoed6t55zcaytoe3ooz.py:36: unknown: block: [1,0,0], thread: [42,0,0] Assertion `index out of bounds: 0 <= tmp7 < 640` failed.
/tmp/torchinductor_<user>/rt/crtvex5pjchayngcvj2b5h76peclumktnpoed6t55zcaytoe3ooz.py:36: unknown: block: [1,0,0], thread: [43,0,0] Assertion `index out of bounds: 0 <= tmp7 < 640` failed.
/tmp/torchinductor_<user>/rt/crtvex5pjchayngcvj2b5h76peclumktnpoed6t55zcaytoe3ooz.py:36: unknown: block: [1,0,0], thread: [44,0,0] Assertion `index out of bounds: 0 <= tmp7 < 640` failed.
/tmp/torchinductor_<user>/rt/crtvex5pjchayngcvj2b5h76peclumktnpoed6t55zcaytoe3ooz.py:36: unknown: block: [1,0,0], thread: [45,0,0] Assertion `index out of bounds: 0 <= tmp7 < 640` failed.
/tmp/torchinductor_<user>/rt/crtvex5pjchayngcvj2b5h76peclumktnpoed6t55zcaytoe3ooz.py:36: unknown: block: [1,0,0], thread: [46,0,0] Assertion `index out of bounds: 0 <= tmp7 < 640` failed.
/tmp/torchinductor_<user>/rt/crtvex5pjchayngcvj2b5h76peclumktnpoed6t55zcaytoe3ooz.py:36: unknown: block: [1,0,0], thread: [47,0,0] Assertion `index out of bounds: 0 <= tmp7 < 640` failed.
/tmp/torchinductor_<user>/rt/crtvex5pjchayngcvj2b5h76peclumktnpoed6t55zcaytoe3ooz.py:36: unknown: block: [1,0,0], thread: [48,0,0] Assertion `index out of bounds: 0 <= tmp7 < 640` failed.
/tmp/torchinductor_<user>/rt/crtvex5pjchayngcvj2b5h76peclumktnpoed6t55zcaytoe3ooz.py:36: unknown: block: [1,0,0], thread: [49,0,0] Assertion `index out of bounds: 0 <= tmp7 < 640` failed.
/tmp/torchinductor_<user>/rt/crtvex5pjchayngcvj2b5h76peclumktnpoed6t55zcaytoe3ooz.py:36: unknown: block: [1,0,0], thread: [50,0,0] Assertion `index out of bounds: 0 <= tmp7 < 640` failed.
/tmp/torchinductor_<user>/rt/crtvex5pjchayngcvj2b5h76peclumktnpoed6t55zcaytoe3ooz.py:36: unknown: block: [1,0,0], thread: [51,0,0] Assertion `index out of bounds: 0 <= tmp7 < 640` failed.
/tmp/torchinductor_<user>/rt/crtvex5pjchayngcvj2b5h76peclumktnpoed6t55zcaytoe3ooz.py:36: unknown: block: [1,0,0], thread: [52,0,0] Assertion `index out of bounds: 0 <= tmp7 < 640` failed.
/tmp/torchinductor_<user>/rt/crtvex5pjchayngcvj2b5h76peclumktnpoed6t55zcaytoe3ooz.py:36: unknown: block: [1,0,0], thread: [53,0,0] Assertion `index out of bounds: 0 <= tmp7 < 640` failed.
/tmp/torchinductor_<user>/rt/crtvex5pjchayngcvj2b5h76peclumktnpoed6t55zcaytoe3ooz.py:36: unknown: block: [1,0,0], thread: [54,0,0] Assertion `index out of bounds: 0 <= tmp7 < 640` failed.
/tmp/torchinductor_<user>/rt/crtvex5pjchayngcvj2b5h76peclumktnpoed6t55zcaytoe3ooz.py:36: unknown: block: [1,0,0], thread: [55,0,0] Assertion `index out of bounds: 0 <= tmp7 < 640` failed.
/tmp/torchinductor_<user>/rt/crtvex5pjchayngcvj2b5h76peclumktnpoed6t55zcaytoe3ooz.py:36: unknown: block: [1,0,0], thread: [56,0,0] Assertion `index out of bounds: 0 <= tmp7 < 640` failed.
/tmp/torchinductor_<user>/rt/crtvex5pjchayngcvj2b5h76peclumktnpoed6t55zcaytoe3ooz.py:36: unknown: block: [1,0,0], thread: [57,0,0] Assertion `index out of bounds: 0 <= tmp7 < 640` failed.
/tmp/torchinductor_<user>/rt/crtvex5pjchayngcvj2b5h76peclumktnpoed6t55zcaytoe3ooz.py:36: unknown: block: [1,0,0], thread: [58,0,0] Assertion `index out of bounds: 0 <= tmp7 < 640` failed.
/tmp/torchinductor_<user>/rt/crtvex5pjchayngcvj2b5h76peclumktnpoed6t55zcaytoe3ooz.py:36: unknown: block: [1,0,0], thread: [59,0,0] Assertion `index out of bounds: 0 <= tmp7 < 640` failed.
/tmp/torchinductor_<user>/rt/crtvex5pjchayngcvj2b5h76peclumktnpoed6t55zcaytoe3ooz.py:36: unknown: block: [1,0,0], thread: [60,0,0] Assertion `index out of bounds: 0 <= tmp7 < 640` failed.
/tmp/torchinductor_<user>/rt/crtvex5pjchayngcvj2b5h76peclumktnpoed6t55zcaytoe3ooz.py:36: unknown: block: [1,0,0], thread: [61,0,0] Assertion `index out of bounds: 0 <= tmp7 < 640` failed.
/tmp/torchinductor_<user>/rt/crtvex5pjchayngcvj2b5h76peclumktnpoed6t55zcaytoe3ooz.py:36: unknown: block: [1,0,0], thread: [62,0,0] Assertion `index out of bounds: 0 <= tmp7 < 640` failed.
/tmp/torchinductor_<user>/rt/crtvex5pjchayngcvj2b5h76peclumktnpoed6t55zcaytoe3ooz.py:36: unknown: block: [1,0,0], thread: [63,0,0] Assertion `index out of bounds: 0 <= tmp7 < 640` failed.
/tmp/torchinductor_<user>/rt/crtvex5pjchayngcvj2b5h76peclumktnpoed6t55zcaytoe3ooz.py:36: unknown: block: [3,0,0], thread: [32,0,0] Assertion `index out of bounds: 0 <= tmp7 < 640` failed.
/tmp/torchinductor_<user>/rt/crtvex5pjchayngcvj2b5h76peclumktnpoed6t55zcaytoe3ooz.py:36: unknown: block: [3,0,0], thread: [33,0,0] Assertion `index out of bounds: 0 <= tmp7 < 640` failed.
/tmp/torchinductor_<user>/rt/crtvex5pjchayngcvj2b5h76peclumktnpoed6t55zcaytoe3ooz.py:36: unknown: block: [3,0,0], thread: [34,0,0] Assertion `index out of bounds: 0 <= tmp7 < 640` failed.
/tmp/torchinductor_<user>/rt/crtvex5pjchayngcvj2b5h76peclumktnpoed6t55zcaytoe3ooz.py:36: unknown: block: [3,0,0], thread: [35,0,0] Assertion `index out of bounds: 0 <= tmp7 < 640` failed.
/tmp/torchinductor_<user>/rt/crtvex5pjchayngcvj2b5h76peclumktnpoed6t55zcaytoe3ooz.py:36: unknown: block: [3,0,0], thread: [36,0,0] Assertion `index out of bounds: 0 <= tmp7 < 640` failed.
/tmp/torchinductor_<user>/rt/crtvex5pjchayngcvj2b5h76peclumktnpoed6t55zcaytoe3ooz.py:36: unknown: block: [3,0,0], thread: [37,0,0] Assertion `index out of bounds: 0 <= tmp7 < 640` failed.
/tmp/torchinductor_<user>/rt/crtvex5pjchayngcvj2b5h76peclumktnpoed6t55zcaytoe3ooz.py:36: unknown: block: [3,0,0], thread: [38,0,0] Assertion `index out of bounds: 0 <= tmp7 < 640` failed.
/tmp/torchinductor_<user>/rt/crtvex5pjchayngcvj2b5h76peclumktnpoed6t55zcaytoe3ooz.py:36: unknown: block: [3,0,0], thread: [39,0,0] Assertion `index out of bounds: 0 <= tmp7 < 640` failed.
/tmp/torchinductor_<user>/rt/crtvex5pjchayngcvj2b5h76peclumktnpoed6t55zcaytoe3ooz.py:36: unknown: block: [3,0,0], thread: [40,0,0] Assertion `index out of bounds: 0 <= tmp7 < 640` failed.
/tmp/torchinductor_<user>/rt/crtvex5pjchayngcvj2b5h76peclumktnpoed6t55zcaytoe3ooz.py:36: unknown: block: [3,0,0], thread: [41,0,0] Assertion `index out of bounds: 0 <= tmp7 < 640` failed.
/tmp/torchinductor_<user>/rt/crtvex5pjchayngcvj2b5h76peclumktnpoed6t55zcaytoe3ooz.py:36: unknown: block: [3,0,0], thread: [42,0,0] Assertion `index out of bounds: 0 <= tmp7 < 640` failed.
/tmp/torchinductor_<user>/rt/crtvex5pjchayngcvj2b5h76peclumktnpoed6t55zcaytoe3ooz.py:36: unknown: block: [3,0,0], thread: [43,0,0] Assertion `index out of bounds: 0 <= tmp7 < 640` failed.
/tmp/torchinductor_<user>/rt/crtvex5pjchayngcvj2b5h76peclumktnpoed6t55zcaytoe3ooz.py:36: unknown: block: [3,0,0], thread: [44,0,0] Assertion `index out of bounds: 0 <= tmp7 < 640` failed.
/tmp/torchinductor_<user>/rt/crtvex5pjchayngcvj2b5h76peclumktnpoed6t55zcaytoe3ooz.py:36: unknown: block: [3,0,0], thread: [45,0,0] Assertion `index out of bounds: 0 <= tmp7 < 640` failed.
/tmp/torchinductor_<user>/rt/crtvex5pjchayngcvj2b5h76peclumktnpoed6t55zcaytoe3ooz.py:36: unknown: block: [3,0,0], thread: [46,0,0] Assertion `index out of bounds: 0 <= tmp7 < 640` failed.
/tmp/torchinductor_<user>/rt/crtvex5pjchayngcvj2b5h76peclumktnpoed6t55zcaytoe3ooz.py:36: unknown: block: [3,0,0], thread: [47,0,0] Assertion `index out of bounds: 0 <= tmp7 < 640` failed.
/tmp/torchinductor_<user>/rt/crtvex5pjchayngcvj2b5h76peclumktnpoed6t55zcaytoe3ooz.py:36: unknown: block: [3,0,0], thread: [48,0,0] Assertion `index out of bounds: 0 <= tmp7 < 640` failed.
/tmp/torchinductor_<user>/rt/crtvex5pjchayngcvj2b5h76peclumktnpoed6t55zcaytoe3ooz.py:36: unknown: block: [3,0,0], thread: [49,0,0] Assertion `index out of bounds: 0 <= tmp7 < 640` failed.
/tmp/torchinductor_<user>/rt/crtvex5pjchayngcvj2b5h76peclumktnpoed6t55zcaytoe3ooz.py:36: unknown: block: [3,0,0], thread: [50,0,0] Assertion `index out of bounds: 0 <= tmp7 < 640` failed.
/tmp/torchinductor_<user>/rt/crtvex5pjchayngcvj2b5h76peclumktnpoed6t55zcaytoe3ooz.py:36: unknown: block: [3,0,0], thread: [51,0,0] Assertion `index out of bounds: 0 <= tmp7 < 640` failed.
/tmp/torchinductor_<user>/rt/crtvex5pjchayngcvj2b5h76peclumktnpoed6t55zcaytoe3ooz.py:36: unknown: block: [3,0,0], thread: [52,0,0] Assertion `index out of bounds: 0 <= tmp7 < 640` failed.
/tmp/torchinductor_<user>/rt/crtvex5pjchayngcvj2b5h76peclumktnpoed6t55zcaytoe3ooz.py:36: unknown: block: [3,0,0], thread: [53,0,0] Assertion `index out of bounds: 0 <= tmp7 < 640` failed.
/tmp/torchinductor_<user>/rt/crtvex5pjchayngcvj2b5h76peclumktnpoed6t55zcaytoe3ooz.py:36: unknown: block: [3,0,0], thread: [54,0,0] Assertion `index out of bounds: 0 <= tmp7 < 640` failed.
/tmp/torchinductor_<user>/rt/crtvex5pjchayngcvj2b5h76peclumktnpoed6t55zcaytoe3ooz.py:36: unknown: block: [3,0,0], thread: [55,0,0] Assertion `index out of bounds: 0 <= tmp7 < 640` failed.
/tmp/torchinductor_<user>/rt/crtvex5pjchayngcvj2b5h76peclumktnpoed6t55zcaytoe3ooz.py:36: unknown: block: [3,0,0], thread: [56,0,0] Assertion `index out of bounds: 0 <= tmp7 < 640` failed.
/tmp/torchinductor_<user>/rt/crtvex5pjchayngcvj2b5h76peclumktnpoed6t55zcaytoe3ooz.py:36: unknown: block: [3,0,0], thread: [57,0,0] Assertion `index out of bounds: 0 <= tmp7 < 640` failed.
/tmp/torchinductor_<user>/rt/crtvex5pjchayngcvj2b5h76peclumktnpoed6t55zcaytoe3ooz.py:36: unknown: block: [3,0,0], thread: [58,0,0] Assertion `index out of bounds: 0 <= tmp7 < 640` failed.
/tmp/torchinductor_<user>/rt/crtvex5pjchayngcvj2b5h76peclumktnpoed6t55zcaytoe3ooz.py:36: unknown: block: [3,0,0], thread: [59,0,0] Assertion `index out of bounds: 0 <= tmp7 < 640` failed.
/tmp/torchinductor_<user>/rt/crtvex5pjchayngcvj2b5h76peclumktnpoed6t55zcaytoe3ooz.py:36: unknown: block: [3,0,0], thread: [60,0,0] Assertion `index out of bounds: 0 <= tmp7 < 640` failed.
/tmp/torchinductor_<user>/rt/crtvex5pjchayngcvj2b5h76peclumktnpoed6t55zcaytoe3ooz.py:36: unknown: block: [3,0,0], thread: [61,0,0] Assertion `index out of bounds: 0 <= tmp7 < 640` failed.
/tmp/torchinductor_<user>/rt/crtvex5pjchayngcvj2b5h76peclumktnpoed6t55zcaytoe3ooz.py:36: unknown: block: [3,0,0], thread: [62,0,0] Assertion `index out of bounds: 0 <= tmp7 < 640` failed.
/tmp/torchinductor_<user>/rt/crtvex5pjchayngcvj2b5h76peclumktnpoed6t55zcaytoe3ooz.py:36: unknown: block: [3,0,0], thread: [63,0,0] Assertion `index out of bounds: 0 <= tmp7 < 640` failed.
/tmp/torchinductor_<user>/rt/crtvex5pjchayngcvj2b5h76peclumktnpoed6t55zcaytoe3ooz.py:36: unknown: block: [1,0,0], thread: [96,0,0] Assertion `index out of bounds: 0 <= tmp7 < 640` failed.
/tmp/torchinductor_<user>/rt/crtvex5pjchayngcvj2b5h76peclumktnpoed6t55zcaytoe3ooz.py:36: unknown: block: [1,0,0], thread: [97,0,0] Assertion `index out of bounds: 0 <= tmp7 < 640` failed.
/tmp/torchinductor_<user>/rt/crtvex5pjchayngcvj2b5h76peclumktnpoed6t55zcaytoe3ooz.py:36: unknown: block: [1,0,0], thread: [98,0,0] Assertion `index out of bounds: 0 <= tmp7 < 640` failed.
/tmp/torchinductor_<user>/rt/crtvex5pjchayngcvj2b5h76peclumktnpoed6t55zcaytoe3ooz.py:36: unknown: block: [1,0,0], thread: [99,0,0] Assertion `index out of bounds: 0 <= tmp7 < 640` failed.
/tmp/torchinductor_<user>/rt/crtvex5pjchayngcvj2b5h76peclumktnpoed6t55zcaytoe3ooz.py:36: unknown: block: [1,0,0], thread: [100,0,0] Assertion `index out of bounds: 0 <= tmp7 < 640` failed.
/tmp/torchinductor_<user>/rt/crtvex5pjchayngcvj2b5h76peclumktnpoed6t55zcaytoe3ooz.py:36: unknown: block: [1,0,0], thread: [101,0,0] Assertion `index out of bounds: 0 <= tmp7 < 640` failed.
/tmp/torchinductor_<user>/rt/crtvex5pjchayngcvj2b5h76peclumktnpoed6t55zcaytoe3ooz.py:36: unknown: block: [1,0,0], thread: [102,0,0] Assertion `index out of bounds: 0 <= tmp7 < 640` failed.
/tmp/torchinductor_<user>/rt/crtvex5pjchayngcvj2b5h76peclumktnpoed6t55zcaytoe3ooz.py:36: unknown: block: [1,0,0], thread: [103,0,0] Assertion `index out of bounds: 0 <= tmp7 < 640` failed.
/tmp/torchinductor_<user>/rt/crtvex5pjchayngcvj2b5h76peclumktnpoed6t55zcaytoe3ooz.py:36: unknown: block: [1,0,0], thread: [104,0,0] Assertion `index out of bounds: 0 <= tmp7 < 640` failed.
/tmp/torchinductor_<user>/rt/crtvex5pjchayngcvj2b5h76peclumktnpoed6t55zcaytoe3ooz.py:36: unknown: block: [1,0,0], thread: [105,0,0] Assertion `index out of bounds: 0 <= tmp7 < 640` failed.
/tmp/torchinductor_<user>/rt/crtvex5pjchayngcvj2b5h76peclumktnpoed6t55zcaytoe3ooz.py:36: unknown: block: [1,0,0], thread: [106,0,0] Assertion `index out of bounds: 0 <= tmp7 < 640` failed.
/tmp/torchinductor_<user>/rt/crtvex5pjchayngcvj2b5h76peclumktnpoed6t55zcaytoe3ooz.py:36: unknown: block: [1,0,0], thread: [107,0,0] Assertion `index out of bounds: 0 <= tmp7 < 640` failed.
/tmp/torchinductor_<user>/rt/crtvex5pjchayngcvj2b5h76peclumktnpoed6t55zcaytoe3ooz.py:36: unknown: block: [1,0,0], thread: [108,0,0] Assertion `index out of bounds: 0 <= tmp7 < 640` failed.
/tmp/torchinductor_<user>/rt/crtvex5pjchayngcvj2b5h76peclumktnpoed6t55zcaytoe3ooz.py:36: unknown: block: [1,0,0], thread: [109,0,0] Assertion `index out of bounds: 0 <= tmp7 < 640` failed.
/tmp/torchinductor_<user>/rt/crtvex5pjchayngcvj2b5h76peclumktnpoed6t55zcaytoe3ooz.py:36: unknown: block: [1,0,0], thread: [110,0,0] Assertion `index out of bounds: 0 <= tmp7 < 640` failed.
/tmp/torchinductor_<user>/rt/crtvex5pjchayngcvj2b5h76peclumktnpoed6t55zcaytoe3ooz.py:36: unknown: block: [1,0,0], thread: [111,0,0] Assertion `index out of bounds: 0 <= tmp7 < 640` failed.
/tmp/torchinductor_<user>/rt/crtvex5pjchayngcvj2b5h76peclumktnpoed6t55zcaytoe3ooz.py:36: unknown: block: [1,0,0], thread: [112,0,0] Assertion `index out of bounds: 0 <= tmp7 < 640` failed.
/tmp/torchinductor_<user>/rt/crtvex5pjchayngcvj2b5h76peclumktnpoed6t55zcaytoe3ooz.py:36: unknown: block: [1,0,0], thread: [113,0,0] Assertion `index out of bounds: 0 <= tmp7 < 640` failed.
/tmp/torchinductor_<user>/rt/crtvex5pjchayngcvj2b5h76peclumktnpoed6t55zcaytoe3ooz.py:36: unknown: block: [1,0,0], thread: [114,0,0] Assertion `index out of bounds: 0 <= tmp7 < 640` failed.
/tmp/torchinductor_<user>/rt/crtvex5pjchayngcvj2b5h76peclumktnpoed6t55zcaytoe3ooz.py:36: unknown: block: [1,0,0], thread: [115,0,0] Assertion `index out of bounds: 0 <= tmp7 < 640` failed.
/tmp/torchinductor_<user>/rt/crtvex5pjchayngcvj2b5h76peclumktnpoed6t55zcaytoe3ooz.py:36: unknown: block: [1,0,0], thread: [116,0,0] Assertion `index out of bounds: 0 <= tmp7 < 640` failed.
/tmp/torchinductor_<user>/rt/crtvex5pjchayngcvj2b5h76peclumktnpoed6t55zcaytoe3ooz.py:36: unknown: block: [1,0,0], thread: [117,0,0] Assertion `index out of bounds: 0 <= tmp7 < 640` failed.
/tmp/torchinductor_<user>/rt/crtvex5pjchayngcvj2b5h76peclumktnpoed6t55zcaytoe3ooz.py:36: unknown: block: [1,0,0], thread: [118,0,0] Assertion `index out of bounds: 0 <= tmp7 < 640` failed.
/tmp/torchinductor_<user>/rt/crtvex5pjchayngcvj2b5h76peclumktnpoed6t55zcaytoe3ooz.py:36: unknown: block: [1,0,0], thread: [119,0,0] Assertion `index out of bounds: 0 <= tmp7 < 640` failed.
/tmp/torchinductor_<user>/rt/crtvex5pjchayngcvj2b5h76peclumktnpoed6t55zcaytoe3ooz.py:36: unknown: block: [1,0,0], thread: [120,0,0] Assertion `index out of bounds: 0 <= tmp7 < 640` failed.
/tmp/torchinductor_<user>/rt/crtvex5pjchayngcvj2b5h76peclumktnpoed6t55zcaytoe3ooz.py:36: unknown: block: [1,0,0], thread: [121,0,0] Assertion `index out of bounds: 0 <= tmp7 < 640` failed.
/tmp/torchinductor_<user>/rt/crtvex5pjchayngcvj2b5h76peclumktnpoed6t55zcaytoe3ooz.py:36: unknown: block: [1,0,0], thread: [122,0,0] Assertion `index out of bounds: 0 <= tmp7 < 640` failed.
/tmp/torchinductor_<user>/rt/crtvex5pjchayngcvj2b5h76peclumktnpoed6t55zcaytoe3ooz.py:36: unknown: block: [1,0,0], thread: [123,0,0] Assertion `index out of bounds: 0 <= tmp7 < 640` failed.
/tmp/torchinductor_<user>/rt/crtvex5pjchayngcvj2b5h76peclumktnpoed6t55zcaytoe3ooz.py:36: unknown: block: [1,0,0], thread: [124,0,0] Assertion `index out of bounds: 0 <= tmp7 < 640` failed.
/tmp/torchinductor_<user>/rt/crtvex5pjchayngcvj2b5h76peclumktnpoed6t55zcaytoe3ooz.py:36: unknown: block: [1,0,0], thread: [125,0,0] Assertion `index out of bounds: 0 <= tmp7 < 640` failed.
/tmp/torchinductor_<user>/rt/crtvex5pjchayngcvj2b5h76peclumktnpoed6t55zcaytoe3ooz.py:36: unknown: block: [1,0,0], thread: [126,0,0] Assertion `index out of bounds: 0 <= tmp7 < 640` failed.
/tmp/torchinductor_<user>/rt/crtvex5pjchayngcvj2b5h76peclumktnpoed6t55zcaytoe3ooz.py:36: unknown: block: [1,0,0], thread: [127,0,0] Assertion `index out of bounds: 0 <= tmp7 < 640` failed.
/tmp/torchinductor_<user>/rt/crtvex5pjchayngcvj2b5h76peclumktnpoed6t55zcaytoe3ooz.py:36: unknown: block: [1,0,0], thread: [64,0,0] Assertion `index out of bounds: 0 <= tmp7 < 640` failed.
/tmp/torchinductor_<user>/rt/crtvex5pjchayngcvj2b5h76peclumktnpoed6t55zcaytoe3ooz.py:36: unknown: block: [1,0,0], thread: [65,0,0] Assertion `index out of bounds: 0 <= tmp7 < 640` failed.
/tmp/torchinductor_<user>/rt/crtvex5pjchayngcvj2b5h76peclumktnpoed6t55zcaytoe3ooz.py:36: unknown: block: [1,0,0], thread: [66,0,0] Assertion `index out of bounds: 0 <= tmp7 < 640` failed.
/tmp/torchinductor_<user>/rt/crtvex5pjchayngcvj2b5h76peclumktnpoed6t55zcaytoe3ooz.py:36: unknown: block: [1,0,0], thread: [67,0,0] Assertion `index out of bounds: 0 <= tmp7 < 640` failed.
/tmp/torchinductor_<user>/rt/crtvex5pjchayngcvj2b5h76peclumktnpoed6t55zcaytoe3ooz.py:36: unknown: block: [1,0,0], thread: [68,0,0] Assertion `index out of bounds: 0 <= tmp7 < 640` failed.
/tmp/torchinductor_<user>/rt/crtvex5pjchayngcvj2b5h76peclumktnpoed6t55zcaytoe3ooz.py:36: unknown: block: [1,0,0], thread: [69,0,0] Assertion `index out of bounds: 0 <= tmp7 < 640` failed.
/tmp/torchinductor_<user>/rt/crtvex5pjchayngcvj2b5h76peclumktnpoed6t55zcaytoe3ooz.py:36: unknown: block: [1,0,0], thread: [70,0,0] Assertion `index out of bounds: 0 <= tmp7 < 640` failed.
/tmp/torchinductor_<user>/rt/crtvex5pjchayngcvj2b5h76peclumktnpoed6t55zcaytoe3ooz.py:36: unknown: block: [1,0,0], thread: [71,0,0] Assertion `index out of bounds: 0 <= tmp7 < 640` failed.
/tmp/torchinductor_<user>/rt/crtvex5pjchayngcvj2b5h76peclumktnpoed6t55zcaytoe3ooz.py:36: unknown: block: [1,0,0], thread: [72,0,0] Assertion `index out of bounds: 0 <= tmp7 < 640` failed.
/tmp/torchinductor_<user>/rt/crtvex5pjchayngcvj2b5h76peclumktnpoed6t55zcaytoe3ooz.py:36: unknown: block: [1,0,0], thread: [73,0,0] Assertion `index out of bounds: 0 <= tmp7 < 640` failed.
/tmp/torchinductor_<user>/rt/crtvex5pjchayngcvj2b5h76peclumktnpoed6t55zcaytoe3ooz.py:36: unknown: block: [1,0,0], thread: [74,0,0] Assertion `index out of bounds: 0 <= tmp7 < 640` failed.
/tmp/torchinductor_<user>/rt/crtvex5pjchayngcvj2b5h76peclumktnpoed6t55zcaytoe3ooz.py:36: unknown: block: [1,0,0], thread: [75,0,0] Assertion `index out of bounds: 0 <= tmp7 < 640` failed.
/tmp/torchinductor_<user>/rt/crtvex5pjchayngcvj2b5h76peclumktnpoed6t55zcaytoe3ooz.py:36: unknown: block: [1,0,0], thread: [76,0,0] Assertion `index out of bounds: 0 <= tmp7 < 640` failed.
/tmp/torchinductor_<user>/rt/crtvex5pjchayngcvj2b5h76peclumktnpoed6t55zcaytoe3ooz.py:36: unknown: block: [1,0,0], thread: [77,0,0] Assertion `index out of bounds: 0 <= tmp7 < 640` failed.
/tmp/torchinductor_<user>/rt/crtvex5pjchayngcvj2b5h76peclumktnpoed6t55zcaytoe3ooz.py:36: unknown: block: [1,0,0], thread: [78,0,0] Assertion `index out of bounds: 0 <= tmp7 < 640` failed.
/tmp/torchinductor_<user>/rt/crtvex5pjchayngcvj2b5h76peclumktnpoed6t55zcaytoe3ooz.py:36: unknown: block: [1,0,0], thread: [79,0,0] Assertion `index out of bounds: 0 <= tmp7 < 640` failed.
/tmp/torchinductor_<user>/rt/crtvex5pjchayngcvj2b5h76peclumktnpoed6t55zcaytoe3ooz.py:36: unknown: block: [1,0,0], thread: [80,0,0] Assertion `index out of bounds: 0 <= tmp7 < 640` failed.
/tmp/torchinductor_<user>/rt/crtvex5pjchayngcvj2b5h76peclumktnpoed6t55zcaytoe3ooz.py:36: unknown: block: [1,0,0], thread: [81,0,0] Assertion `index out of bounds: 0 <= tmp7 < 640` failed.
/tmp/torchinductor_<user>/rt/crtvex5pjchayngcvj2b5h76peclumktnpoed6t55zcaytoe3ooz.py:36: unknown: block: [1,0,0], thread: [82,0,0] Assertion `index out of bounds: 0 <= tmp7 < 640` failed.
/tmp/torchinductor_<user>/rt/crtvex5pjchayngcvj2b5h76peclumktnpoed6t55zcaytoe3ooz.py:36: unknown: block: [1,0,0], thread: [83,0,0] Assertion `index out of bounds: 0 <= tmp7 < 640` failed.
/tmp/torchinductor_<user>/rt/crtvex5pjchayngcvj2b5h76peclumktnpoed6t55zcaytoe3ooz.py:36: unknown: block: [1,0,0], thread: [84,0,0] Assertion `index out of bounds: 0 <= tmp7 < 640` failed.
/tmp/torchinductor_<user>/rt/crtvex5pjchayngcvj2b5h76peclumktnpoed6t55zcaytoe3ooz.py:36: unknown: block: [1,0,0], thread: [85,0,0] Assertion `index out of bounds: 0 <= tmp7 < 640` failed.
/tmp/torchinductor_<user>/rt/crtvex5pjchayngcvj2b5h76peclumktnpoed6t55zcaytoe3ooz.py:36: unknown: block: [1,0,0], thread: [86,0,0] Assertion `index out of bounds: 0 <= tmp7 < 640` failed.
/tmp/torchinductor_<user>/rt/crtvex5pjchayngcvj2b5h76peclumktnpoed6t55zcaytoe3ooz.py:36: unknown: block: [1,0,0], thread: [87,0,0] Assertion `index out of bounds: 0 <= tmp7 < 640` failed.
/tmp/torchinductor_<user>/rt/crtvex5pjchayngcvj2b5h76peclumktnpoed6t55zcaytoe3ooz.py:36: unknown: block: [1,0,0], thread: [88,0,0] Assertion `index out of bounds: 0 <= tmp7 < 640` failed.
/tmp/torchinductor_<user>/rt/crtvex5pjchayngcvj2b5h76peclumktnpoed6t55zcaytoe3ooz.py:36: unknown: block: [1,0,0], thread: [89,0,0] Assertion `index out of bounds: 0 <= tmp7 < 640` failed.
/tmp/torchinductor_<user>/rt/crtvex5pjchayngcvj2b5h76peclumktnpoed6t55zcaytoe3ooz.py:36: unknown: block: [1,0,0], thread: [90,0,0] Assertion `index out of bounds: 0 <= tmp7 < 640` failed.
/tmp/torchinductor_<user>/rt/crtvex5pjchayngcvj2b5h76peclumktnpoed6t55zcaytoe3ooz.py:36: unknown: block: [1,0,0], thread: [91,0,0] Assertion `index out of bounds: 0 <= tmp7 < 640` failed.
/tmp/torchinductor_<user>/rt/crtvex5pjchayngcvj2b5h76peclumktnpoed6t55zcaytoe3ooz.py:36: unknown: block: [1,0,0], thread: [92,0,0] Assertion `index out of bounds: 0 <= tmp7 < 640` failed.
/tmp/torchinductor_<user>/rt/crtvex5pjchayngcvj2b5h76peclumktnpoed6t55zcaytoe3ooz.py:36: unknown: block: [1,0,0], thread: [93,0,0] Assertion `index out of bounds: 0 <= tmp7 < 640` failed.
/tmp/torchinductor_<user>/rt/crtvex5pjchayngcvj2b5h76peclumktnpoed6t55zcaytoe3ooz.py:36: unknown: block: [1,0,0], thread: [94,0,0] Assertion `index out of bounds: 0 <= tmp7 < 640` failed.
/tmp/torchinductor_<user>/rt/crtvex5pjchayngcvj2b5h76peclumktnpoed6t55zcaytoe3ooz.py:36: unknown: block: [1,0,0], thread: [95,0,0] Assertion `index out of bounds: 0 <= tmp7 < 640` failed.
/tmp/torchinductor_<user>/rt/crtvex5pjchayngcvj2b5h76peclumktnpoed6t55zcaytoe3ooz.py:36: unknown: block: [1,0,0], thread: [0,0,0] Assertion `index out of bounds: 0 <= tmp7 < 640` failed.
/tmp/torchinductor_<user>/rt/crtvex5pjchayngcvj2b5h76peclumktnpoed6t55zcaytoe3ooz.py:36: unknown: block: [1,0,0], thread: [1,0,0] Assertion `index out of bounds: 0 <= tmp7 < 640` failed.
/tmp/torchinductor_<user>/rt/crtvex5pjchayngcvj2b5h76peclumktnpoed6t55zcaytoe3ooz.py:36: unknown: block: [1,0,0], thread: [2,0,0] Assertion `index out of bounds: 0 <= tmp7 < 640` failed.
/tmp/torchinductor_<user>/rt/crtvex5pjchayngcvj2b5h76peclumktnpoed6t55zcaytoe3ooz.py:36: unknown: block: [1,0,0], thread: [3,0,0] Assertion `index out of bounds: 0 <= tmp7 < 640` failed.
/tmp/torchinductor_<user>/rt/crtvex5pjchayngcvj2b5h76peclumktnpoed6t55zcaytoe3ooz.py:36: unknown: block: [1,0,0], thread: [4,0,0] Assertion `index out of bounds: 0 <= tmp7 < 640` failed.
/tmp/torchinductor_<user>/rt/crtvex5pjchayngcvj2b5h76peclumktnpoed6t55zcaytoe3ooz.py:36: unknown: block: [1,0,0], thread: [5,0,0] Assertion `index out of bounds: 0 <= tmp7 < 640` failed.
/tmp/torchinductor_<user>/rt/crtvex5pjchayngcvj2b5h76peclumktnpoed6t55zcaytoe3ooz.py:36: unknown: block: [1,0,0], thread: [6,0,0] Assertion `index out of bounds: 0 <= tmp7 < 640` failed.
/tmp/torchinductor_<user>/rt/crtvex5pjchayngcvj2b5h76peclumktnpoed6t55zcaytoe3ooz.py:36: unknown: block: [1,0,0], thread: [7,0,0] Assertion `index out of bounds: 0 <= tmp7 < 640` failed.
/tmp/torchinductor_<user>/rt/crtvex5pjchayngcvj2b5h76peclumktnpoed6t55zcaytoe3ooz.py:36: unknown: block: [1,0,0], thread: [8,0,0] Assertion `index out of bounds: 0 <= tmp7 < 640` failed.
/tmp/torchinductor_<user>/rt/crtvex5pjchayngcvj2b5h76peclumktnpoed6t55zcaytoe3ooz.py:36: unknown: block: [1,0,0], thread: [9,0,0] Assertion `index out of bounds: 0 <= tmp7 < 640` failed.
/tmp/torchinductor_<user>/rt/crtvex5pjchayngcvj2b5h76peclumktnpoed6t55zcaytoe3ooz.py:36: unknown: block: [1,0,0], thread: [10,0,0] Assertion `index out of bounds: 0 <= tmp7 < 640` failed.
/tmp/torchinductor_<user>/rt/crtvex5pjchayngcvj2b5h76peclumktnpoed6t55zcaytoe3ooz.py:36: unknown: block: [1,0,0], thread: [11,0,0] Assertion `index out of bounds: 0 <= tmp7 < 640` failed.
/tmp/torchinductor_<user>/rt/crtvex5pjchayngcvj2b5h76peclumktnpoed6t55zcaytoe3ooz.py:36: unknown: block: [1,0,0], thread: [12,0,0] Assertion `index out of bounds: 0 <= tmp7 < 640` failed.
/tmp/torchinductor_<user>/rt/crtvex5pjchayngcvj2b5h76peclumktnpoed6t55zcaytoe3ooz.py:36: unknown: block: [1,0,0], thread: [13,0,0] Assertion `index out of bounds: 0 <= tmp7 < 640` failed.
/tmp/torchinductor_<user>/rt/crtvex5pjchayngcvj2b5h76peclumktnpoed6t55zcaytoe3ooz.py:36: unknown: block: [1,0,0], thread: [14,0,0] Assertion `index out of bounds: 0 <= tmp7 < 640` failed.
/tmp/torchinductor_<user>/rt/crtvex5pjchayngcvj2b5h76peclumktnpoed6t55zcaytoe3ooz.py:36: unknown: block: [1,0,0], thread: [15,0,0] Assertion `index out of bounds: 0 <= tmp7 < 640` failed.
/tmp/torchinductor_<user>/rt/crtvex5pjchayngcvj2b5h76peclumktnpoed6t55zcaytoe3ooz.py:36: unknown: block: [1,0,0], thread: [16,0,0] Assertion `index out of bounds: 0 <= tmp7 < 640` failed.
/tmp/torchinductor_<user>/rt/crtvex5pjchayngcvj2b5h76peclumktnpoed6t55zcaytoe3ooz.py:36: unknown: block: [1,0,0], thread: [17,0,0] Assertion `index out of bounds: 0 <= tmp7 < 640` failed.
/tmp/torchinductor_<user>/rt/crtvex5pjchayngcvj2b5h76peclumktnpoed6t55zcaytoe3ooz.py:36: unknown: block: [1,0,0], thread: [18,0,0] Assertion `index out of bounds: 0 <= tmp7 < 640` failed.
/tmp/torchinductor_<user>/rt/crtvex5pjchayngcvj2b5h76peclumktnpoed6t55zcaytoe3ooz.py:36: unknown: block: [1,0,0], thread: [19,0,0] Assertion `index out of bounds: 0 <= tmp7 < 640` failed.
/tmp/torchinductor_<user>/rt/crtvex5pjchayngcvj2b5h76peclumktnpoed6t55zcaytoe3ooz.py:36: unknown: block: [1,0,0], thread: [20,0,0] Assertion `index out of bounds: 0 <= tmp7 < 640` failed.
/tmp/torchinductor_<user>/rt/crtvex5pjchayngcvj2b5h76peclumktnpoed6t55zcaytoe3ooz.py:36: unknown: block: [1,0,0], thread: [21,0,0] Assertion `index out of bounds: 0 <= tmp7 < 640` failed.
/tmp/torchinductor_<user>/rt/crtvex5pjchayngcvj2b5h76peclumktnpoed6t55zcaytoe3ooz.py:36: unknown: block: [1,0,0], thread: [22,0,0] Assertion `index out of bounds: 0 <= tmp7 < 640` failed.
/tmp/torchinductor_<user>/rt/crtvex5pjchayngcvj2b5h76peclumktnpoed6t55zcaytoe3ooz.py:36: unknown: block: [1,0,0], thread: [23,0,0] Assertion `index out of bounds: 0 <= tmp7 < 640` failed.
/tmp/torchinductor_<user>/rt/crtvex5pjchayngcvj2b5h76peclumktnpoed6t55zcaytoe3ooz.py:36: unknown: block: [1,0,0], thread: [24,0,0] Assertion `index out of bounds: 0 <= tmp7 < 640` failed.
/tmp/torchinductor_<user>/rt/crtvex5pjchayngcvj2b5h76peclumktnpoed6t55zcaytoe3ooz.py:36: unknown: block: [1,0,0], thread: [25,0,0] Assertion `index out of bounds: 0 <= tmp7 < 640` failed.
/tmp/torchinductor_<user>/rt/crtvex5pjchayngcvj2b5h76peclumktnpoed6t55zcaytoe3ooz.py:36: unknown: block: [1,0,0], thread: [26,0,0] Assertion `index out of bounds: 0 <= tmp7 < 640` failed.
/tmp/torchinductor_<user>/rt/crtvex5pjchayngcvj2b5h76peclumktnpoed6t55zcaytoe3ooz.py:36: unknown: block: [1,0,0], thread: [27,0,0] Assertion `index out of bounds: 0 <= tmp7 < 640` failed.
/tmp/torchinductor_<user>/rt/crtvex5pjchayngcvj2b5h76peclumktnpoed6t55zcaytoe3ooz.py:36: unknown: block: [1,0,0], thread: [28,0,0] Assertion `index out of bounds: 0 <= tmp7 < 640` failed.
/tmp/torchinductor_<user>/rt/crtvex5pjchayngcvj2b5h76peclumktnpoed6t55zcaytoe3ooz.py:36: unknown: block: [1,0,0], thread: [29,0,0] Assertion `index out of bounds: 0 <= tmp7 < 640` failed.
/tmp/torchinductor_<user>/rt/crtvex5pjchayngcvj2b5h76peclumktnpoed6t55zcaytoe3ooz.py:36: unknown: block: [1,0,0], thread: [30,0,0] Assertion `index out of bounds: 0 <= tmp7 < 640` failed.
/tmp/torchinductor_<user>/rt/crtvex5pjchayngcvj2b5h76peclumktnpoed6t55zcaytoe3ooz.py:36: unknown: block: [1,0,0], thread: [31,0,0] Assertion `index out of bounds: 0 <= tmp7 < 640` failed.
/tmp/torchinductor_<user>/rt/crtvex5pjchayngcvj2b5h76peclumktnpoed6t55zcaytoe3ooz.py:36: unknown: block: [3,0,0], thread: [96,0,0] Assertion `index out of bounds: 0 <= tmp7 < 640` failed.
/tmp/torchinductor_<user>/rt/crtvex5pjchayngcvj2b5h76peclumktnpoed6t55zcaytoe3ooz.py:36: unknown: block: [3,0,0], thread: [97,0,0] Assertion `index out of bounds: 0 <= tmp7 < 640` failed.
/tmp/torchinductor_<user>/rt/crtvex5pjchayngcvj2b5h76peclumktnpoed6t55zcaytoe3ooz.py:36: unknown: block: [3,0,0], thread: [98,0,0] Assertion `index out of bounds: 0 <= tmp7 < 640` failed.
/tmp/torchinductor_<user>/rt/crtvex5pjchayngcvj2b5h76peclumktnpoed6t55zcaytoe3ooz.py:36: unknown: block: [3,0,0], thread: [99,0,0] Assertion `index out of bounds: 0 <= tmp7 < 640` failed.
/tmp/torchinductor_<user>/rt/crtvex5pjchayngcvj2b5h76peclumktnpoed6t55zcaytoe3ooz.py:36: unknown: block: [3,0,0], thread: [100,0,0] Assertion `index out of bounds: 0 <= tmp7 < 640` failed.
/tmp/torchinductor_<user>/rt/crtvex5pjchayngcvj2b5h76peclumktnpoed6t55zcaytoe3ooz.py:36: unknown: block: [3,0,0], thread: [101,0,0] Assertion `index out of bounds: 0 <= tmp7 < 640` failed.
/tmp/torchinductor_<user>/rt/crtvex5pjchayngcvj2b5h76peclumktnpoed6t55zcaytoe3ooz.py:36: unknown: block: [3,0,0], thread: [102,0,0] Assertion `index out of bounds: 0 <= tmp7 < 640` failed.
/tmp/torchinductor_<user>/rt/crtvex5pjchayngcvj2b5h76peclumktnpoed6t55zcaytoe3ooz.py:36: unknown: block: [3,0,0], thread: [103,0,0] Assertion `index out of bounds: 0 <= tmp7 < 640` failed.
/tmp/torchinductor_<user>/rt/crtvex5pjchayngcvj2b5h76peclumktnpoed6t55zcaytoe3ooz.py:36: unknown: block: [3,0,0], thread: [104,0,0] Assertion `index out of bounds: 0 <= tmp7 < 640` failed.
/tmp/torchinductor_<user>/rt/crtvex5pjchayngcvj2b5h76peclumktnpoed6t55zcaytoe3ooz.py:36: unknown: block: [3,0,0], thread: [105,0,0] Assertion `index out of bounds: 0 <= tmp7 < 640` failed.
/tmp/torchinductor_<user>/rt/crtvex5pjchayngcvj2b5h76peclumktnpoed6t55zcaytoe3ooz.py:36: unknown: block: [3,0,0], thread: [106,0,0] Assertion `index out of bounds: 0 <= tmp7 < 640` failed.
/tmp/torchinductor_<user>/rt/crtvex5pjchayngcvj2b5h76peclumktnpoed6t55zcaytoe3ooz.py:36: unknown: block: [3,0,0], thread: [107,0,0] Assertion `index out of bounds: 0 <= tmp7 < 640` failed.
/tmp/torchinductor_<user>/rt/crtvex5pjchayngcvj2b5h76peclumktnpoed6t55zcaytoe3ooz.py:36: unknown: block: [3,0,0], thread: [108,0,0] Assertion `index out of bounds: 0 <= tmp7 < 640` failed.
/tmp/torchinductor_<user>/rt/crtvex5pjchayngcvj2b5h76peclumktnpoed6t55zcaytoe3ooz.py:36: unknown: block: [3,0,0], thread: [109,0,0] Assertion `index out of bounds: 0 <= tmp7 < 640` failed.
/tmp/torchinductor_<user>/rt/crtvex5pjchayngcvj2b5h76peclumktnpoed6t55zcaytoe3ooz.py:36: unknown: block: [3,0,0], thread: [110,0,0] Assertion `index out of bounds: 0 <= tmp7 < 640` failed.
/tmp/torchinductor_<user>/rt/crtvex5pjchayngcvj2b5h76peclumktnpoed6t55zcaytoe3ooz.py:36: unknown: block: [3,0,0], thread: [111,0,0] Assertion `index out of bounds: 0 <= tmp7 < 640` failed.
/tmp/torchinductor_<user>/rt/crtvex5pjchayngcvj2b5h76peclumktnpoed6t55zcaytoe3ooz.py:36: unknown: block: [3,0,0], thread: [112,0,0] Assertion `index out of bounds: 0 <= tmp7 < 640` failed.
/tmp/torchinductor_<user>/rt/crtvex5pjchayngcvj2b5h76peclumktnpoed6t55zcaytoe3ooz.py:36: unknown: block: [3,0,0], thread: [113,0,0] Assertion `index out of bounds: 0 <= tmp7 < 640` failed.
/tmp/torchinductor_<user>/rt/crtvex5pjchayngcvj2b5h76peclumktnpoed6t55zcaytoe3ooz.py:36: unknown: block: [3,0,0], thread: [114,0,0] Assertion `index out of bounds: 0 <= tmp7 < 640` failed.
/tmp/torchinductor_<user>/rt/crtvex5pjchayngcvj2b5h76peclumktnpoed6t55zcaytoe3ooz.py:36: unknown: block: [3,0,0], thread: [115,0,0] Assertion `index out of bounds: 0 <= tmp7 < 640` failed.
/tmp/torchinductor_<user>/rt/crtvex5pjchayngcvj2b5h76peclumktnpoed6t55zcaytoe3ooz.py:36: unknown: block: [3,0,0], thread: [116,0,0] Assertion `index out of bounds: 0 <= tmp7 < 640` failed.
/tmp/torchinductor_<user>/rt/crtvex5pjchayngcvj2b5h76peclumktnpoed6t55zcaytoe3ooz.py:36: unknown: block: [3,0,0], thread: [117,0,0] Assertion `index out of bounds: 0 <= tmp7 < 640` failed.
/tmp/torchinductor_<user>/rt/crtvex5pjchayngcvj2b5h76peclumktnpoed6t55zcaytoe3ooz.py:36: unknown: block: [3,0,0], thread: [118,0,0] Assertion `index out of bounds: 0 <= tmp7 < 640` failed.
/tmp/torchinductor_<user>/rt/crtvex5pjchayngcvj2b5h76peclumktnpoed6t55zcaytoe3ooz.py:36: unknown: block: [3,0,0], thread: [119,0,0] Assertion `index out of bounds: 0 <= tmp7 < 640` failed.
/tmp/torchinductor_<user>/rt/crtvex5pjchayngcvj2b5h76peclumktnpoed6t55zcaytoe3ooz.py:36: unknown: block: [3,0,0], thread: [120,0,0] Assertion `index out of bounds: 0 <= tmp7 < 640` failed.
/tmp/torchinductor_<user>/rt/crtvex5pjchayngcvj2b5h76peclumktnpoed6t55zcaytoe3ooz.py:36: unknown: block: [3,0,0], thread: [121,0,0] Assertion `index out of bounds: 0 <= tmp7 < 640` failed.
/tmp/torchinductor_<user>/rt/crtvex5pjchayngcvj2b5h76peclumktnpoed6t55zcaytoe3ooz.py:36: unknown: block: [3,0,0], thread: [122,0,0] Assertion `index out of bounds: 0 <= tmp7 < 640` failed.
/tmp/torchinductor_<user>/rt/crtvex5pjchayngcvj2b5h76peclumktnpoed6t55zcaytoe3ooz.py:36: unknown: block: [3,0,0], thread: [123,0,0] Assertion `index out of bounds: 0 <= tmp7 < 640` failed.
/tmp/torchinductor_<user>/rt/crtvex5pjchayngcvj2b5h76peclumktnpoed6t55zcaytoe3ooz.py:36: unknown: block: [3,0,0], thread: [124,0,0] Assertion `index out of bounds: 0 <= tmp7 < 640` failed.
/tmp/torchinductor_<user>/rt/crtvex5pjchayngcvj2b5h76peclumktnpoed6t55zcaytoe3ooz.py:36: unknown: block: [3,0,0], thread: [125,0,0] Assertion `index out of bounds: 0 <= tmp7 < 640` failed.
/tmp/torchinductor_<user>/rt/crtvex5pjchayngcvj2b5h76peclumktnpoed6t55zcaytoe3ooz.py:36: unknown: block: [3,0,0], thread: [126,0,0] Assertion `index out of bounds: 0 <= tmp7 < 640` failed.
/tmp/torchinductor_<user>/rt/crtvex5pjchayngcvj2b5h76peclumktnpoed6t55zcaytoe3ooz.py:36: unknown: block: [3,0,0], thread: [127,0,0] Assertion `index out of bounds: 0 <= tmp7 < 640` failed.
/tmp/torchinductor_<user>/rt/crtvex5pjchayngcvj2b5h76peclumktnpoed6t55zcaytoe3ooz.py:36: unknown: block: [3,0,0], thread: [64,0,0] Assertion `index out of bounds: 0 <= tmp7 < 640` failed.
/tmp/torchinductor_<user>/rt/crtvex5pjchayngcvj2b5h76peclumktnpoed6t55zcaytoe3ooz.py:36: unknown: block: [3,0,0], thread: [65,0,0] Assertion `index out of bounds: 0 <= tmp7 < 640` failed.
/tmp/torchinductor_<user>/rt/crtvex5pjchayngcvj2b5h76peclumktnpoed6t55zcaytoe3ooz.py:36: unknown: block: [3,0,0], thread: [66,0,0] Assertion `index out of bounds: 0 <= tmp7 < 640` failed.
/tmp/torchinductor_<user>/rt/crtvex5pjchayngcvj2b5h76peclumktnpoed6t55zcaytoe3ooz.py:36: unknown: block: [3,0,0], thread: [67,0,0] Assertion `index out of bounds: 0 <= tmp7 < 640` failed.
/tmp/torchinductor_<user>/rt/crtvex5pjchayngcvj2b5h76peclumktnpoed6t55zcaytoe3ooz.py:36: unknown: block: [3,0,0], thread: [68,0,0] Assertion `index out of bounds: 0 <= tmp7 < 640` failed.
/tmp/torchinductor_<user>/rt/crtvex5pjchayngcvj2b5h76peclumktnpoed6t55zcaytoe3ooz.py:36: unknown: block: [3,0,0], thread: [69,0,0] Assertion `index out of bounds: 0 <= tmp7 < 640` failed.
/tmp/torchinductor_<user>/rt/crtvex5pjchayngcvj2b5h76peclumktnpoed6t55zcaytoe3ooz.py:36: unknown: block: [3,0,0], thread: [70,0,0] Assertion `index out of bounds: 0 <= tmp7 < 640` failed.
/tmp/torchinductor_<user>/rt/crtvex5pjchayngcvj2b5h76peclumktnpoed6t55zcaytoe3ooz.py:36: unknown: block: [3,0,0], thread: [71,0,0] Assertion `index out of bounds: 0 <= tmp7 < 640` failed.
/tmp/torchinductor_<user>/rt/crtvex5pjchayngcvj2b5h76peclumktnpoed6t55zcaytoe3ooz.py:36: unknown: block: [3,0,0], thread: [72,0,0] Assertion `index out of bounds: 0 <= tmp7 < 640` failed.
/tmp/torchinductor_<user>/rt/crtvex5pjchayngcvj2b5h76peclumktnpoed6t55zcaytoe3ooz.py:36: unknown: block: [3,0,0], thread: [73,0,0] Assertion `index out of bounds: 0 <= tmp7 < 640` failed.
/tmp/torchinductor_<user>/rt/crtvex5pjchayngcvj2b5h76peclumktnpoed6t55zcaytoe3ooz.py:36: unknown: block: [3,0,0], thread: [74,0,0] Assertion `index out of bounds: 0 <= tmp7 < 640` failed.
/tmp/torchinductor_<user>/rt/crtvex5pjchayngcvj2b5h76peclumktnpoed6t55zcaytoe3ooz.py:36: unknown: block: [3,0,0], thread: [75,0,0] Assertion `index out of bounds: 0 <= tmp7 < 640` failed.
/tmp/torchinductor_<user>/rt/crtvex5pjchayngcvj2b5h76peclumktnpoed6t55zcaytoe3ooz.py:36: unknown: block: [3,0,0], thread: [76,0,0] Assertion `index out of bounds: 0 <= tmp7 < 640` failed.
/tmp/torchinductor_<user>/rt/crtvex5pjchayngcvj2b5h76peclumktnpoed6t55zcaytoe3ooz.py:36: unknown: block: [3,0,0], thread: [77,0,0] Assertion `index out of bounds: 0 <= tmp7 < 640` failed.
/tmp/torchinductor_<user>/rt/crtvex5pjchayngcvj2b5h76peclumktnpoed6t55zcaytoe3ooz.py:36: unknown: block: [3,0,0], thread: [78,0,0] Assertion `index out of bounds: 0 <= tmp7 < 640` failed.
/tmp/torchinductor_<user>/rt/crtvex5pjchayngcvj2b5h76peclumktnpoed6t55zcaytoe3ooz.py:36: unknown: block: [3,0,0], thread: [79,0,0] Assertion `index out of bounds: 0 <= tmp7 < 640` failed.
/tmp/torchinductor_<user>/rt/crtvex5pjchayngcvj2b5h76peclumktnpoed6t55zcaytoe3ooz.py:36: unknown: block: [3,0,0], thread: [80,0,0] Assertion `index out of bounds: 0 <= tmp7 < 640` failed.
/tmp/torchinductor_<user>/rt/crtvex5pjchayngcvj2b5h76peclumktnpoed6t55zcaytoe3ooz.py:36: unknown: block: [3,0,0], thread: [81,0,0] Assertion `index out of bounds: 0 <= tmp7 < 640` failed.
/tmp/torchinductor_<user>/rt/crtvex5pjchayngcvj2b5h76peclumktnpoed6t55zcaytoe3ooz.py:36: unknown: block: [3,0,0], thread: [82,0,0] Assertion `index out of bounds: 0 <= tmp7 < 640` failed.
/tmp/torchinductor_<user>/rt/crtvex5pjchayngcvj2b5h76peclumktnpoed6t55zcaytoe3ooz.py:36: unknown: block: [3,0,0], thread: [83,0,0] Assertion `index out of bounds: 0 <= tmp7 < 640` failed.
/tmp/torchinductor_<user>/rt/crtvex5pjchayngcvj2b5h76peclumktnpoed6t55zcaytoe3ooz.py:36: unknown: block: [3,0,0], thread: [84,0,0] Assertion `index out of bounds: 0 <= tmp7 < 640` failed.
/tmp/torchinductor_<user>/rt/crtvex5pjchayngcvj2b5h76peclumktnpoed6t55zcaytoe3ooz.py:36: unknown: block: [3,0,0], thread: [85,0,0] Assertion `index out of bounds: 0 <= tmp7 < 640` failed.
/tmp/torchinductor_<user>/rt/crtvex5pjchayngcvj2b5h76peclumktnpoed6t55zcaytoe3ooz.py:36: unknown: block: [3,0,0], thread: [86,0,0] Assertion `index out of bounds: 0 <= tmp7 < 640` failed.
/tmp/torchinductor_<user>/rt/crtvex5pjchayngcvj2b5h76peclumktnpoed6t55zcaytoe3ooz.py:36: unknown: block: [3,0,0], thread: [87,0,0] Assertion `index out of bounds: 0 <= tmp7 < 640` failed.
/tmp/torchinductor_<user>/rt/crtvex5pjchayngcvj2b5h76peclumktnpoed6t55zcaytoe3ooz.py:36: unknown: block: [3,0,0], thread: [88,0,0] Assertion `index out of bounds: 0 <= tmp7 < 640` failed.
/tmp/torchinductor_<user>/rt/crtvex5pjchayngcvj2b5h76peclumktnpoed6t55zcaytoe3ooz.py:36: unknown: block: [3,0,0], thread: [89,0,0] Assertion `index out of bounds: 0 <= tmp7 < 640` failed.
/tmp/torchinductor_<user>/rt/crtvex5pjchayngcvj2b5h76peclumktnpoed6t55zcaytoe3ooz.py:36: unknown: block: [3,0,0], thread: [90,0,0] Assertion `index out of bounds: 0 <= tmp7 < 640` failed.
/tmp/torchinductor_<user>/rt/crtvex5pjchayngcvj2b5h76peclumktnpoed6t55zcaytoe3ooz.py:36: unknown: block: [3,0,0], thread: [91,0,0] Assertion `index out of bounds: 0 <= tmp7 < 640` failed.
/tmp/torchinductor_<user>/rt/crtvex5pjchayngcvj2b5h76peclumktnpoed6t55zcaytoe3ooz.py:36: unknown: block: [3,0,0], thread: [92,0,0] Assertion `index out of bounds: 0 <= tmp7 < 640` failed.
/tmp/torchinductor_<user>/rt/crtvex5pjchayngcvj2b5h76peclumktnpoed6t55zcaytoe3ooz.py:36: unknown: block: [3,0,0], thread: [93,0,0] Assertion `index out of bounds: 0 <= tmp7 < 640` failed.
/tmp/torchinductor_<user>/rt/crtvex5pjchayngcvj2b5h76peclumktnpoed6t55zcaytoe3ooz.py:36: unknown: block: [3,0,0], thread: [94,0,0] Assertion `index out of bounds: 0 <= tmp7 < 640` failed.
/tmp/torchinductor_<user>/rt/crtvex5pjchayngcvj2b5h76peclumktnpoed6t55zcaytoe3ooz.py:36: unknown: block: [3,0,0], thread: [95,0,0] Assertion `index out of bounds: 0 <= tmp7 < 640` failed.
/tmp/torchinductor_<user>/rt/crtvex5pjchayngcvj2b5h76peclumktnpoed6t55zcaytoe3ooz.py:36: unknown: block: [3,0,0], thread: [0,0,0] Assertion `index out of bounds: 0 <= tmp7 < 640` failed.
/tmp/torchinductor_<user>/rt/crtvex5pjchayngcvj2b5h76peclumktnpoed6t55zcaytoe3ooz.py:36: unknown: block: [3,0,0], thread: [1,0,0] Assertion `index out of bounds: 0 <= tmp7 < 640` failed.
/tmp/torchinductor_<user>/rt/crtvex5pjchayngcvj2b5h76peclumktnpoed6t55zcaytoe3ooz.py:36: unknown: block: [3,0,0], thread: [2,0,0] Assertion `index out of bounds: 0 <= tmp7 < 640` failed.
/tmp/torchinductor_<user>/rt/crtvex5pjchayngcvj2b5h76peclumktnpoed6t55zcaytoe3ooz.py:36: unknown: block: [3,0,0], thread: [3,0,0] Assertion `index out of bounds: 0 <= tmp7 < 640` failed.
/tmp/torchinductor_<user>/rt/crtvex5pjchayngcvj2b5h76peclumktnpoed6t55zcaytoe3ooz.py:36: unknown: block: [3,0,0], thread: [4,0,0] Assertion `index out of bounds: 0 <= tmp7 < 640` failed.
/tmp/torchinductor_<user>/rt/crtvex5pjchayngcvj2b5h76peclumktnpoed6t55zcaytoe3ooz.py:36: unknown: block: [3,0,0], thread: [5,0,0] Assertion `index out of bounds: 0 <= tmp7 < 640` failed.
/tmp/torchinductor_<user>/rt/crtvex5pjchayngcvj2b5h76peclumktnpoed6t55zcaytoe3ooz.py:36: unknown: block: [3,0,0], thread: [6,0,0] Assertion `index out of bounds: 0 <= tmp7 < 640` failed.
/tmp/torchinductor_<user>/rt/crtvex5pjchayngcvj2b5h76peclumktnpoed6t55zcaytoe3ooz.py:36: unknown: block: [3,0,0], thread: [7,0,0] Assertion `index out of bounds: 0 <= tmp7 < 640` failed.
/tmp/torchinductor_<user>/rt/crtvex5pjchayngcvj2b5h76peclumktnpoed6t55zcaytoe3ooz.py:36: unknown: block: [3,0,0], thread: [8,0,0] Assertion `index out of bounds: 0 <= tmp7 < 640` failed.
/tmp/torchinductor_<user>/rt/crtvex5pjchayngcvj2b5h76peclumktnpoed6t55zcaytoe3ooz.py:36: unknown: block: [3,0,0], thread: [9,0,0] Assertion `index out of bounds: 0 <= tmp7 < 640` failed.
/tmp/torchinductor_<user>/rt/crtvex5pjchayngcvj2b5h76peclumktnpoed6t55zcaytoe3ooz.py:36: unknown: block: [3,0,0], thread: [10,0,0] Assertion `index out of bounds: 0 <= tmp7 < 640` failed.
/tmp/torchinductor_<user>/rt/crtvex5pjchayngcvj2b5h76peclumktnpoed6t55zcaytoe3ooz.py:36: unknown: block: [3,0,0], thread: [11,0,0] Assertion `index out of bounds: 0 <= tmp7 < 640` failed.
/tmp/torchinductor_<user>/rt/crtvex5pjchayngcvj2b5h76peclumktnpoed6t55zcaytoe3ooz.py:36: unknown: block: [3,0,0], thread: [12,0,0] Assertion `index out of bounds: 0 <= tmp7 < 640` failed.
/tmp/torchinductor_<user>/rt/crtvex5pjchayngcvj2b5h76peclumktnpoed6t55zcaytoe3ooz.py:36: unknown: block: [3,0,0], thread: [13,0,0] Assertion `index out of bounds: 0 <= tmp7 < 640` failed.
/tmp/torchinductor_<user>/rt/crtvex5pjchayngcvj2b5h76peclumktnpoed6t55zcaytoe3ooz.py:36: unknown: block: [3,0,0], thread: [14,0,0] Assertion `index out of bounds: 0 <= tmp7 < 640` failed.
/tmp/torchinductor_<user>/rt/crtvex5pjchayngcvj2b5h76peclumktnpoed6t55zcaytoe3ooz.py:36: unknown: block: [3,0,0], thread: [15,0,0] Assertion `index out of bounds: 0 <= tmp7 < 640` failed.
/tmp/torchinductor_<user>/rt/crtvex5pjchayngcvj2b5h76peclumktnpoed6t55zcaytoe3ooz.py:36: unknown: block: [3,0,0], thread: [16,0,0] Assertion `index out of bounds: 0 <= tmp7 < 640` failed.
/tmp/torchinductor_<user>/rt/crtvex5pjchayngcvj2b5h76peclumktnpoed6t55zcaytoe3ooz.py:36: unknown: block: [3,0,0], thread: [17,0,0] Assertion `index out of bounds: 0 <= tmp7 < 640` failed.
/tmp/torchinductor_<user>/rt/crtvex5pjchayngcvj2b5h76peclumktnpoed6t55zcaytoe3ooz.py:36: unknown: block: [3,0,0], thread: [18,0,0] Assertion `index out of bounds: 0 <= tmp7 < 640` failed.
/tmp/torchinductor_<user>/rt/crtvex5pjchayngcvj2b5h76peclumktnpoed6t55zcaytoe3ooz.py:36: unknown: block: [3,0,0], thread: [19,0,0] Assertion `index out of bounds: 0 <= tmp7 < 640` failed.
/tmp/torchinductor_<user>/rt/crtvex5pjchayngcvj2b5h76peclumktnpoed6t55zcaytoe3ooz.py:36: unknown: block: [3,0,0], thread: [20,0,0] Assertion `index out of bounds: 0 <= tmp7 < 640` failed.
/tmp/torchinductor_<user>/rt/crtvex5pjchayngcvj2b5h76peclumktnpoed6t55zcaytoe3ooz.py:36: unknown: block: [3,0,0], thread: [21,0,0] Assertion `index out of bounds: 0 <= tmp7 < 640` failed.
/tmp/torchinductor_<user>/rt/crtvex5pjchayngcvj2b5h76peclumktnpoed6t55zcaytoe3ooz.py:36: unknown: block: [3,0,0], thread: [22,0,0] Assertion `index out of bounds: 0 <= tmp7 < 640` failed.
/tmp/torchinductor_<user>/rt/crtvex5pjchayngcvj2b5h76peclumktnpoed6t55zcaytoe3ooz.py:36: unknown: block: [3,0,0], thread: [23,0,0] Assertion `index out of bounds: 0 <= tmp7 < 640` failed.
/tmp/torchinductor_<user>/rt/crtvex5pjchayngcvj2b5h76peclumktnpoed6t55zcaytoe3ooz.py:36: unknown: block: [3,0,0], thread: [24,0,0] Assertion `index out of bounds: 0 <= tmp7 < 640` failed.
/tmp/torchinductor_<user>/rt/crtvex5pjchayngcvj2b5h76peclumktnpoed6t55zcaytoe3ooz.py:36: unknown: block: [3,0,0], thread: [25,0,0] Assertion `index out of bounds: 0 <= tmp7 < 640` failed.
/tmp/torchinductor_<user>/rt/crtvex5pjchayngcvj2b5h76peclumktnpoed6t55zcaytoe3ooz.py:36: unknown: block: [3,0,0], thread: [26,0,0] Assertion `index out of bounds: 0 <= tmp7 < 640` failed.
/tmp/torchinductor_<user>/rt/crtvex5pjchayngcvj2b5h76peclumktnpoed6t55zcaytoe3ooz.py:36: unknown: block: [3,0,0], thread: [27,0,0] Assertion `index out of bounds: 0 <= tmp7 < 640` failed.
/tmp/torchinductor_<user>/rt/crtvex5pjchayngcvj2b5h76peclumktnpoed6t55zcaytoe3ooz.py:36: unknown: block: [3,0,0], thread: [28,0,0] Assertion `index out of bounds: 0 <= tmp7 < 640` failed.
/tmp/torchinductor_<user>/rt/crtvex5pjchayngcvj2b5h76peclumktnpoed6t55zcaytoe3ooz.py:36: unknown: block: [3,0,0], thread: [29,0,0] Assertion `index out of bounds: 0 <= tmp7 < 640` failed.
/tmp/torchinductor_<user>/rt/crtvex5pjchayngcvj2b5h76peclumktnpoed6t55zcaytoe3ooz.py:36: unknown: block: [3,0,0], thread: [30,0,0] Assertion `index out of bounds: 0 <= tmp7 < 640` failed.
/tmp/torchinductor_<user>/rt/crtvex5pjchayngcvj2b5h76peclumktnpoed6t55zcaytoe3ooz.py:36: unknown: block: [3,0,0], thread: [31,0,0] Assertion `index out of bounds: 0 <= tmp7 < 640` failed.
/tmp/torchinductor_<user>/rt/crtvex5pjchayngcvj2b5h76peclumktnpoed6t55zcaytoe3ooz.py:36: unknown: block: [0,0,0], thread: [96,0,0] Assertion `index out of bounds: 0 <= tmp7 < 640` failed.
/tmp/torchinductor_<user>/rt/crtvex5pjchayngcvj2b5h76peclumktnpoed6t55zcaytoe3ooz.py:36: unknown: block: [0,0,0], thread: [97,0,0] Assertion `index out of bounds: 0 <= tmp7 < 640` failed.
/tmp/torchinductor_<user>/rt/crtvex5pjchayngcvj2b5h76peclumktnpoed6t55zcaytoe3ooz.py:36: unknown: block: [0,0,0], thread: [98,0,0] Assertion `index out of bounds: 0 <= tmp7 < 640` failed.
/tmp/torchinductor_<user>/rt/crtvex5pjchayngcvj2b5h76peclumktnpoed6t55zcaytoe3ooz.py:36: unknown: block: [0,0,0], thread: [99,0,0] Assertion `index out of bounds: 0 <= tmp7 < 640` failed.
/tmp/torchinductor_<user>/rt/crtvex5pjchayngcvj2b5h76peclumktnpoed6t55zcaytoe3ooz.py:36: unknown: block: [0,0,0], thread: [100,0,0] Assertion `index out of bounds: 0 <= tmp7 < 640` failed.
/tmp/torchinductor_<user>/rt/crtvex5pjchayngcvj2b5h76peclumktnpoed6t55zcaytoe3ooz.py:36: unknown: block: [0,0,0], thread: [101,0,0] Assertion `index out of bounds: 0 <= tmp7 < 640` failed.
/tmp/torchinductor_<user>/rt/crtvex5pjchayngcvj2b5h76peclumktnpoed6t55zcaytoe3ooz.py:36: unknown: block: [0,0,0], thread: [102,0,0] Assertion `index out of bounds: 0 <= tmp7 < 640` failed.
/tmp/torchinductor_<user>/rt/crtvex5pjchayngcvj2b5h76peclumktnpoed6t55zcaytoe3ooz.py:36: unknown: block: [0,0,0], thread: [103,0,0] Assertion `index out of bounds: 0 <= tmp7 < 640` failed.
/tmp/torchinductor_<user>/rt/crtvex5pjchayngcvj2b5h76peclumktnpoed6t55zcaytoe3ooz.py:36: unknown: block: [0,0,0], thread: [104,0,0] Assertion `index out of bounds: 0 <= tmp7 < 640` failed.
/tmp/torchinductor_<user>/rt/crtvex5pjchayngcvj2b5h76peclumktnpoed6t55zcaytoe3ooz.py:36: unknown: block: [0,0,0], thread: [105,0,0] Assertion `index out of bounds: 0 <= tmp7 < 640` failed.
/tmp/torchinductor_<user>/rt/crtvex5pjchayngcvj2b5h76peclumktnpoed6t55zcaytoe3ooz.py:36: unknown: block: [0,0,0], thread: [106,0,0] Assertion `index out of bounds: 0 <= tmp7 < 640` failed.
/tmp/torchinductor_<user>/rt/crtvex5pjchayngcvj2b5h76peclumktnpoed6t55zcaytoe3ooz.py:36: unknown: block: [0,0,0], thread: [107,0,0] Assertion `index out of bounds: 0 <= tmp7 < 640` failed.
/tmp/torchinductor_<user>/rt/crtvex5pjchayngcvj2b5h76peclumktnpoed6t55zcaytoe3ooz.py:36: unknown: block: [0,0,0], thread: [108,0,0] Assertion `index out of bounds: 0 <= tmp7 < 640` failed.
/tmp/torchinductor_<user>/rt/crtvex5pjchayngcvj2b5h76peclumktnpoed6t55zcaytoe3ooz.py:36: unknown: block: [0,0,0], thread: [109,0,0] Assertion `index out of bounds: 0 <= tmp7 < 640` failed.
/tmp/torchinductor_<user>/rt/crtvex5pjchayngcvj2b5h76peclumktnpoed6t55zcaytoe3ooz.py:36: unknown: block: [0,0,0], thread: [110,0,0] Assertion `index out of bounds: 0 <= tmp7 < 640` failed.
/tmp/torchinductor_<user>/rt/crtvex5pjchayngcvj2b5h76peclumktnpoed6t55zcaytoe3ooz.py:36: unknown: block: [0,0,0], thread: [111,0,0] Assertion `index out of bounds: 0 <= tmp7 < 640` failed.
/tmp/torchinductor_<user>/rt/crtvex5pjchayngcvj2b5h76peclumktnpoed6t55zcaytoe3ooz.py:36: unknown: block: [0,0,0], thread: [112,0,0] Assertion `index out of bounds: 0 <= tmp7 < 640` failed.
/tmp/torchinductor_<user>/rt/crtvex5pjchayngcvj2b5h76peclumktnpoed6t55zcaytoe3ooz.py:36: unknown: block: [0,0,0], thread: [113,0,0] Assertion `index out of bounds: 0 <= tmp7 < 640` failed.
/tmp/torchinductor_<user>/rt/crtvex5pjchayngcvj2b5h76peclumktnpoed6t55zcaytoe3ooz.py:36: unknown: block: [0,0,0], thread: [114,0,0] Assertion `index out of bounds: 0 <= tmp7 < 640` failed.
/tmp/torchinductor_<user>/rt/crtvex5pjchayngcvj2b5h76peclumktnpoed6t55zcaytoe3ooz.py:36: unknown: block: [0,0,0], thread: [115,0,0] Assertion `index out of bounds: 0 <= tmp7 < 640` failed.
/tmp/torchinductor_<user>/rt/crtvex5pjchayngcvj2b5h76peclumktnpoed6t55zcaytoe3ooz.py:36: unknown: block: [0,0,0], thread: [116,0,0] Assertion `index out of bounds: 0 <= tmp7 < 640` failed.
/tmp/torchinductor_<user>/rt/crtvex5pjchayngcvj2b5h76peclumktnpoed6t55zcaytoe3ooz.py:36: unknown: block: [0,0,0], thread: [117,0,0] Assertion `index out of bounds: 0 <= tmp7 < 640` failed.
/tmp/torchinductor_<user>/rt/crtvex5pjchayngcvj2b5h76peclumktnpoed6t55zcaytoe3ooz.py:36: unknown: block: [0,0,0], thread: [118,0,0] Assertion `index out of bounds: 0 <= tmp7 < 640` failed.
/tmp/torchinductor_<user>/rt/crtvex5pjchayngcvj2b5h76peclumktnpoed6t55zcaytoe3ooz.py:36: unknown: block: [0,0,0], thread: [119,0,0] Assertion `index out of bounds: 0 <= tmp7 < 640` failed.
/tmp/torchinductor_<user>/rt/crtvex5pjchayngcvj2b5h76peclumktnpoed6t55zcaytoe3ooz.py:36: unknown: block: [0,0,0], thread: [120,0,0] Assertion `index out of bounds: 0 <= tmp7 < 640` failed.
/tmp/torchinductor_<user>/rt/crtvex5pjchayngcvj2b5h76peclumktnpoed6t55zcaytoe3ooz.py:36: unknown: block: [0,0,0], thread: [121,0,0] Assertion `index out of bounds: 0 <= tmp7 < 640` failed.
/tmp/torchinductor_<user>/rt/crtvex5pjchayngcvj2b5h76peclumktnpoed6t55zcaytoe3ooz.py:36: unknown: block: [0,0,0], thread: [122,0,0] Assertion `index out of bounds: 0 <= tmp7 < 640` failed.
/tmp/torchinductor_<user>/rt/crtvex5pjchayngcvj2b5h76peclumktnpoed6t55zcaytoe3ooz.py:36: unknown: block: [0,0,0], thread: [123,0,0] Assertion `index out of bounds: 0 <= tmp7 < 640` failed.
/tmp/torchinductor_<user>/rt/crtvex5pjchayngcvj2b5h76peclumktnpoed6t55zcaytoe3ooz.py:36: unknown: block: [0,0,0], thread: [124,0,0] Assertion `index out of bounds: 0 <= tmp7 < 640` failed.
/tmp/torchinductor_<user>/rt/crtvex5pjchayngcvj2b5h76peclumktnpoed6t55zcaytoe3ooz.py:36: unknown: block: [0,0,0], thread: [125,0,0] Assertion `index out of bounds: 0 <= tmp7 < 640` failed.
/tmp/torchinductor_<user>/rt/crtvex5pjchayngcvj2b5h76peclumktnpoed6t55zcaytoe3ooz.py:36: unknown: block: [0,0,0], thread: [126,0,0] Assertion `index out of bounds: 0 <= tmp7 < 640` failed.
/tmp/torchinductor_<user>/rt/crtvex5pjchayngcvj2b5h76peclumktnpoed6t55zcaytoe3ooz.py:36: unknown: block: [0,0,0], thread: [127,0,0] Assertion `index out of bounds: 0 <= tmp7 < 640` failed.
/tmp/torchinductor_<user>/rt/crtvex5pjchayngcvj2b5h76peclumktnpoed6t55zcaytoe3ooz.py:36: unknown: block: [0,0,0], thread: [32,0,0] Assertion `index out of bounds: 0 <= tmp7 < 640` failed.
/tmp/torchinductor_<user>/rt/crtvex5pjchayngcvj2b5h76peclumktnpoed6t55zcaytoe3ooz.py:36: unknown: block: [0,0,0], thread: [33,0,0] Assertion `index out of bounds: 0 <= tmp7 < 640` failed.
/tmp/torchinductor_<user>/rt/crtvex5pjchayngcvj2b5h76peclumktnpoed6t55zcaytoe3ooz.py:36: unknown: block: [0,0,0], thread: [34,0,0] Assertion `index out of bounds: 0 <= tmp7 < 640` failed.
/tmp/torchinductor_<user>/rt/crtvex5pjchayngcvj2b5h76peclumktnpoed6t55zcaytoe3ooz.py:36: unknown: block: [0,0,0], thread: [35,0,0] Assertion `index out of bounds: 0 <= tmp7 < 640` failed.
/tmp/torchinductor_<user>/rt/crtvex5pjchayngcvj2b5h76peclumktnpoed6t55zcaytoe3ooz.py:36: unknown: block: [0,0,0], thread: [36,0,0] Assertion `index out of bounds: 0 <= tmp7 < 640` failed.
/tmp/torchinductor_<user>/rt/crtvex5pjchayngcvj2b5h76peclumktnpoed6t55zcaytoe3ooz.py:36: unknown: block: [0,0,0], thread: [37,0,0] Assertion `index out of bounds: 0 <= tmp7 < 640` failed.
/tmp/torchinductor_<user>/rt/crtvex5pjchayngcvj2b5h76peclumktnpoed6t55zcaytoe3ooz.py:36: unknown: block: [0,0,0], thread: [38,0,0] Assertion `index out of bounds: 0 <= tmp7 < 640` failed.
/tmp/torchinductor_<user>/rt/crtvex5pjchayngcvj2b5h76peclumktnpoed6t55zcaytoe3ooz.py:36: unknown: block: [0,0,0], thread: [39,0,0] Assertion `index out of bounds: 0 <= tmp7 < 640` failed.
/tmp/torchinductor_<user>/rt/crtvex5pjchayngcvj2b5h76peclumktnpoed6t55zcaytoe3ooz.py:36: unknown: block: [0,0,0], thread: [40,0,0] Assertion `index out of bounds: 0 <= tmp7 < 640` failed.
/tmp/torchinductor_<user>/rt/crtvex5pjchayngcvj2b5h76peclumktnpoed6t55zcaytoe3ooz.py:36: unknown: block: [0,0,0], thread: [41,0,0] Assertion `index out of bounds: 0 <= tmp7 < 640` failed.
/tmp/torchinductor_<user>/rt/crtvex5pjchayngcvj2b5h76peclumktnpoed6t55zcaytoe3ooz.py:36: unknown: block: [0,0,0], thread: [42,0,0] Assertion `index out of bounds: 0 <= tmp7 < 640` failed.
/tmp/torchinductor_<user>/rt/crtvex5pjchayngcvj2b5h76peclumktnpoed6t55zcaytoe3ooz.py:36: unknown: block: [0,0,0], thread: [43,0,0] Assertion `index out of bounds: 0 <= tmp7 < 640` failed.
/tmp/torchinductor_<user>/rt/crtvex5pjchayngcvj2b5h76peclumktnpoed6t55zcaytoe3ooz.py:36: unknown: block: [0,0,0], thread: [44,0,0] Assertion `index out of bounds: 0 <= tmp7 < 640` failed.
/tmp/torchinductor_<user>/rt/crtvex5pjchayngcvj2b5h76peclumktnpoed6t55zcaytoe3ooz.py:36: unknown: block: [0,0,0], thread: [45,0,0] Assertion `index out of bounds: 0 <= tmp7 < 640` failed.
/tmp/torchinductor_<user>/rt/crtvex5pjchayngcvj2b5h76peclumktnpoed6t55zcaytoe3ooz.py:36: unknown: block: [0,0,0], thread: [46,0,0] Assertion `index out of bounds: 0 <= tmp7 < 640` failed.
/tmp/torchinductor_<user>/rt/crtvex5pjchayngcvj2b5h76peclumktnpoed6t55zcaytoe3ooz.py:36: unknown: block: [0,0,0], thread: [47,0,0] Assertion `index out of bounds: 0 <= tmp7 < 640` failed.
/tmp/torchinductor_<user>/rt/crtvex5pjchayngcvj2b5h76peclumktnpoed6t55zcaytoe3ooz.py:36: unknown: block: [0,0,0], thread: [48,0,0] Assertion `index out of bounds: 0 <= tmp7 < 640` failed.
/tmp/torchinductor_<user>/rt/crtvex5pjchayngcvj2b5h76peclumktnpoed6t55zcaytoe3ooz.py:36: unknown: block: [0,0,0], thread: [49,0,0] Assertion `index out of bounds: 0 <= tmp7 < 640` failed.
/tmp/torchinductor_<user>/rt/crtvex5pjchayngcvj2b5h76peclumktnpoed6t55zcaytoe3ooz.py:36: unknown: block: [0,0,0], thread: [50,0,0] Assertion `index out of bounds: 0 <= tmp7 < 640` failed.
/tmp/torchinductor_<user>/rt/crtvex5pjchayngcvj2b5h76peclumktnpoed6t55zcaytoe3ooz.py:36: unknown: block: [0,0,0], thread: [51,0,0] Assertion `index out of bounds: 0 <= tmp7 < 640` failed.
/tmp/torchinductor_<user>/rt/crtvex5pjchayngcvj2b5h76peclumktnpoed6t55zcaytoe3ooz.py:36: unknown: block: [0,0,0], thread: [52,0,0] Assertion `index out of bounds: 0 <= tmp7 < 640` failed.
/tmp/torchinductor_<user>/rt/crtvex5pjchayngcvj2b5h76peclumktnpoed6t55zcaytoe3ooz.py:36: unknown: block: [0,0,0], thread: [53,0,0] Assertion `index out of bounds: 0 <= tmp7 < 640` failed.
/tmp/torchinductor_<user>/rt/crtvex5pjchayngcvj2b5h76peclumktnpoed6t55zcaytoe3ooz.py:36: unknown: block: [0,0,0], thread: [54,0,0] Assertion `index out of bounds: 0 <= tmp7 < 640` failed.
/tmp/torchinductor_<user>/rt/crtvex5pjchayngcvj2b5h76peclumktnpoed6t55zcaytoe3ooz.py:36: unknown: block: [0,0,0], thread: [55,0,0] Assertion `index out of bounds: 0 <= tmp7 < 640` failed.
/tmp/torchinductor_<user>/rt/crtvex5pjchayngcvj2b5h76peclumktnpoed6t55zcaytoe3ooz.py:36: unknown: block: [0,0,0], thread: [56,0,0] Assertion `index out of bounds: 0 <= tmp7 < 640` failed.
/tmp/torchinductor_<user>/rt/crtvex5pjchayngcvj2b5h76peclumktnpoed6t55zcaytoe3ooz.py:36: unknown: block: [0,0,0], thread: [57,0,0] Assertion `index out of bounds: 0 <= tmp7 < 640` failed.
/tmp/torchinductor_<user>/rt/crtvex5pjchayngcvj2b5h76peclumktnpoed6t55zcaytoe3ooz.py:36: unknown: block: [0,0,0], thread: [58,0,0] Assertion `index out of bounds: 0 <= tmp7 < 640` failed.
/tmp/torchinductor_<user>/rt/crtvex5pjchayngcvj2b5h76peclumktnpoed6t55zcaytoe3ooz.py:36: unknown: block: [0,0,0], thread: [59,0,0] Assertion `index out of bounds: 0 <= tmp7 < 640` failed.
/tmp/torchinductor_<user>/rt/crtvex5pjchayngcvj2b5h76peclumktnpoed6t55zcaytoe3ooz.py:36: unknown: block: [0,0,0], thread: [60,0,0] Assertion `index out of bounds: 0 <= tmp7 < 640` failed.
/tmp/torchinductor_<user>/rt/crtvex5pjchayngcvj2b5h76peclumktnpoed6t55zcaytoe3ooz.py:36: unknown: block: [0,0,0], thread: [61,0,0] Assertion `index out of bounds: 0 <= tmp7 < 640` failed.
/tmp/torchinductor_<user>/rt/crtvex5pjchayngcvj2b5h76peclumktnpoed6t55zcaytoe3ooz.py:36: unknown: block: [0,0,0], thread: [62,0,0] Assertion `index out of bounds: 0 <= tmp7 < 640` failed.
/tmp/torchinductor_<user>/rt/crtvex5pjchayngcvj2b5h76peclumktnpoed6t55zcaytoe3ooz.py:36: unknown: block: [0,0,0], thread: [63,0,0] Assertion `index out of bounds: 0 <= tmp7 < 640` failed.
/tmp/torchinductor_<user>/rt/crtvex5pjchayngcvj2b5h76peclumktnpoed6t55zcaytoe3ooz.py:36: unknown: block: [0,0,0], thread: [0,0,0] Assertion `index out of bounds: 0 <= tmp7 < 640` failed.
/tmp/torchinductor_<user>/rt/crtvex5pjchayngcvj2b5h76peclumktnpoed6t55zcaytoe3ooz.py:36: unknown: block: [0,0,0], thread: [1,0,0] Assertion `index out of bounds: 0 <= tmp7 < 640` failed.
/tmp/torchinductor_<user>/rt/crtvex5pjchayngcvj2b5h76peclumktnpoed6t55zcaytoe3ooz.py:36: unknown: block: [0,0,0], thread: [2,0,0] Assertion `index out of bounds: 0 <= tmp7 < 640` failed.
/tmp/torchinductor_<user>/rt/crtvex5pjchayngcvj2b5h76peclumktnpoed6t55zcaytoe3ooz.py:36: unknown: block: [0,0,0], thread: [3,0,0] Assertion `index out of bounds: 0 <= tmp7 < 640` failed.
/tmp/torchinductor_<user>/rt/crtvex5pjchayngcvj2b5h76peclumktnpoed6t55zcaytoe3ooz.py:36: unknown: block: [0,0,0], thread: [4,0,0] Assertion `index out of bounds: 0 <= tmp7 < 640` failed.
/tmp/torchinductor_<user>/rt/crtvex5pjchayngcvj2b5h76peclumktnpoed6t55zcaytoe3ooz.py:36: unknown: block: [0,0,0], thread: [5,0,0] Assertion `index out of bounds: 0 <= tmp7 < 640` failed.
/tmp/torchinductor_<user>/rt/crtvex5pjchayngcvj2b5h76peclumktnpoed6t55zcaytoe3ooz.py:36: unknown: block: [0,0,0], thread: [6,0,0] Assertion `index out of bounds: 0 <= tmp7 < 640` failed.
/tmp/torchinductor_<user>/rt/crtvex5pjchayngcvj2b5h76peclumktnpoed6t55zcaytoe3ooz.py:36: unknown: block: [0,0,0], thread: [7,0,0] Assertion `index out of bounds: 0 <= tmp7 < 640` failed.
/tmp/torchinductor_<user>/rt/crtvex5pjchayngcvj2b5h76peclumktnpoed6t55zcaytoe3ooz.py:36: unknown: block: [0,0,0], thread: [8,0,0] Assertion `index out of bounds: 0 <= tmp7 < 640` failed.
/tmp/torchinductor_<user>/rt/crtvex5pjchayngcvj2b5h76peclumktnpoed6t55zcaytoe3ooz.py:36: unknown: block: [0,0,0], thread: [9,0,0] Assertion `index out of bounds: 0 <= tmp7 < 640` failed.
/tmp/torchinductor_<user>/rt/crtvex5pjchayngcvj2b5h76peclumktnpoed6t55zcaytoe3ooz.py:36: unknown: block: [0,0,0], thread: [10,0,0] Assertion `index out of bounds: 0 <= tmp7 < 640` failed.
/tmp/torchinductor_<user>/rt/crtvex5pjchayngcvj2b5h76peclumktnpoed6t55zcaytoe3ooz.py:36: unknown: block: [0,0,0], thread: [11,0,0] Assertion `index out of bounds: 0 <= tmp7 < 640` failed.
/tmp/torchinductor_<user>/rt/crtvex5pjchayngcvj2b5h76peclumktnpoed6t55zcaytoe3ooz.py:36: unknown: block: [0,0,0], thread: [12,0,0] Assertion `index out of bounds: 0 <= tmp7 < 640` failed.
/tmp/torchinductor_<user>/rt/crtvex5pjchayngcvj2b5h76peclumktnpoed6t55zcaytoe3ooz.py:36: unknown: block: [0,0,0], thread: [13,0,0] Assertion `index out of bounds: 0 <= tmp7 < 640` failed.
/tmp/torchinductor_<user>/rt/crtvex5pjchayngcvj2b5h76peclumktnpoed6t55zcaytoe3ooz.py:36: unknown: block: [0,0,0], thread: [14,0,0] Assertion `index out of bounds: 0 <= tmp7 < 640` failed.
/tmp/torchinductor_<user>/rt/crtvex5pjchayngcvj2b5h76peclumktnpoed6t55zcaytoe3ooz.py:36: unknown: block: [0,0,0], thread: [15,0,0] Assertion `index out of bounds: 0 <= tmp7 < 640` failed.
/tmp/torchinductor_<user>/rt/crtvex5pjchayngcvj2b5h76peclumktnpoed6t55zcaytoe3ooz.py:36: unknown: block: [0,0,0], thread: [16,0,0] Assertion `index out of bounds: 0 <= tmp7 < 640` failed.
/tmp/torchinductor_<user>/rt/crtvex5pjchayngcvj2b5h76peclumktnpoed6t55zcaytoe3ooz.py:36: unknown: block: [0,0,0], thread: [17,0,0] Assertion `index out of bounds: 0 <= tmp7 < 640` failed.
/tmp/torchinductor_<user>/rt/crtvex5pjchayngcvj2b5h76peclumktnpoed6t55zcaytoe3ooz.py:36: unknown: block: [0,0,0], thread: [18,0,0] Assertion `index out of bounds: 0 <= tmp7 < 640` failed.
/tmp/torchinductor_<user>/rt/crtvex5pjchayngcvj2b5h76peclumktnpoed6t55zcaytoe3ooz.py:36: unknown: block: [0,0,0], thread: [19,0,0] Assertion `index out of bounds: 0 <= tmp7 < 640` failed.
/tmp/torchinductor_<user>/rt/crtvex5pjchayngcvj2b5h76peclumktnpoed6t55zcaytoe3ooz.py:36: unknown: block: [0,0,0], thread: [20,0,0] Assertion `index out of bounds: 0 <= tmp7 < 640` failed.
/tmp/torchinductor_<user>/rt/crtvex5pjchayngcvj2b5h76peclumktnpoed6t55zcaytoe3ooz.py:36: unknown: block: [0,0,0], thread: [21,0,0] Assertion `index out of bounds: 0 <= tmp7 < 640` failed.
/tmp/torchinductor_<user>/rt/crtvex5pjchayngcvj2b5h76peclumktnpoed6t55zcaytoe3ooz.py:36: unknown: block: [0,0,0], thread: [22,0,0] Assertion `index out of bounds: 0 <= tmp7 < 640` failed.
/tmp/torchinductor_<user>/rt/crtvex5pjchayngcvj2b5h76peclumktnpoed6t55zcaytoe3ooz.py:36: unknown: block: [0,0,0], thread: [23,0,0] Assertion `index out of bounds: 0 <= tmp7 < 640` failed.
/tmp/torchinductor_<user>/rt/crtvex5pjchayngcvj2b5h76peclumktnpoed6t55zcaytoe3ooz.py:36: unknown: block: [0,0,0], thread: [24,0,0] Assertion `index out of bounds: 0 <= tmp7 < 640` failed.
/tmp/torchinductor_<user>/rt/crtvex5pjchayngcvj2b5h76peclumktnpoed6t55zcaytoe3ooz.py:36: unknown: block: [0,0,0], thread: [25,0,0] Assertion `index out of bounds: 0 <= tmp7 < 640` failed.
/tmp/torchinductor_<user>/rt/crtvex5pjchayngcvj2b5h76peclumktnpoed6t55zcaytoe3ooz.py:36: unknown: block: [0,0,0], thread: [26,0,0] Assertion `index out of bounds: 0 <= tmp7 < 640` failed.
/tmp/torchinductor_<user>/rt/crtvex5pjchayngcvj2b5h76peclumktnpoed6t55zcaytoe3ooz.py:36: unknown: block: [0,0,0], thread: [27,0,0] Assertion `index out of bounds: 0 <= tmp7 < 640` failed.
/tmp/torchinductor_<user>/rt/crtvex5pjchayngcvj2b5h76peclumktnpoed6t55zcaytoe3ooz.py:36: unknown: block: [0,0,0], thread: [28,0,0] Assertion `index out of bounds: 0 <= tmp7 < 640` failed.
/tmp/torchinductor_<user>/rt/crtvex5pjchayngcvj2b5h76peclumktnpoed6t55zcaytoe3ooz.py:36: unknown: block: [0,0,0], thread: [29,0,0] Assertion `index out of bounds: 0 <= tmp7 < 640` failed.
/tmp/torchinductor_<user>/rt/crtvex5pjchayngcvj2b5h76peclumktnpoed6t55zcaytoe3ooz.py:36: unknown: block: [0,0,0], thread: [30,0,0] Assertion `index out of bounds: 0 <= tmp7 < 640` failed.
/tmp/torchinductor_<user>/rt/crtvex5pjchayngcvj2b5h76peclumktnpoed6t55zcaytoe3ooz.py:36: unknown: block: [0,0,0], thread: [31,0,0] Assertion `index out of bounds: 0 <= tmp7 < 640` failed.
/tmp/torchinductor_<user>/rt/crtvex5pjchayngcvj2b5h76peclumktnpoed6t55zcaytoe3ooz.py:36: unknown: block: [0,0,0], thread: [64,0,0] Assertion `index out of bounds: 0 <= tmp7 < 640` failed.
/tmp/torchinductor_<user>/rt/crtvex5pjchayngcvj2b5h76peclumktnpoed6t55zcaytoe3ooz.py:36: unknown: block: [0,0,0], thread: [65,0,0] Assertion `index out of bounds: 0 <= tmp7 < 640` failed.
/tmp/torchinductor_<user>/rt/crtvex5pjchayngcvj2b5h76peclumktnpoed6t55zcaytoe3ooz.py:36: unknown: block: [0,0,0], thread: [66,0,0] Assertion `index out of bounds: 0 <= tmp7 < 640` failed.
/tmp/torchinductor_<user>/rt/crtvex5pjchayngcvj2b5h76peclumktnpoed6t55zcaytoe3ooz.py:36: unknown: block: [0,0,0], thread: [67,0,0] Assertion `index out of bounds: 0 <= tmp7 < 640` failed.
/tmp/torchinductor_<user>/rt/crtvex5pjchayngcvj2b5h76peclumktnpoed6t55zcaytoe3ooz.py:36: unknown: block: [0,0,0], thread: [68,0,0] Assertion `index out of bounds: 0 <= tmp7 < 640` failed.
/tmp/torchinductor_<user>/rt/crtvex5pjchayngcvj2b5h76peclumktnpoed6t55zcaytoe3ooz.py:36: unknown: block: [0,0,0], thread: [69,0,0] Assertion `index out of bounds: 0 <= tmp7 < 640` failed.
/tmp/torchinductor_<user>/rt/crtvex5pjchayngcvj2b5h76peclumktnpoed6t55zcaytoe3ooz.py:36: unknown: block: [0,0,0], thread: [70,0,0] Assertion `index out of bounds: 0 <= tmp7 < 640` failed.
/tmp/torchinductor_<user>/rt/crtvex5pjchayngcvj2b5h76peclumktnpoed6t55zcaytoe3ooz.py:36: unknown: block: [0,0,0], thread: [71,0,0] Assertion `index out of bounds: 0 <= tmp7 < 640` failed.
/tmp/torchinductor_<user>/rt/crtvex5pjchayngcvj2b5h76peclumktnpoed6t55zcaytoe3ooz.py:36: unknown: block: [0,0,0], thread: [72,0,0] Assertion `index out of bounds: 0 <= tmp7 < 640` failed.
/tmp/torchinductor_<user>/rt/crtvex5pjchayngcvj2b5h76peclumktnpoed6t55zcaytoe3ooz.py:36: unknown: block: [0,0,0], thread: [73,0,0] Assertion `index out of bounds: 0 <= tmp7 < 640` failed.
/tmp/torchinductor_<user>/rt/crtvex5pjchayngcvj2b5h76peclumktnpoed6t55zcaytoe3ooz.py:36: unknown: block: [0,0,0], thread: [74,0,0] Assertion `index out of bounds: 0 <= tmp7 < 640` failed.
/tmp/torchinductor_<user>/rt/crtvex5pjchayngcvj2b5h76peclumktnpoed6t55zcaytoe3ooz.py:36: unknown: block: [0,0,0], thread: [75,0,0] Assertion `index out of bounds: 0 <= tmp7 < 640` failed.
/tmp/torchinductor_<user>/rt/crtvex5pjchayngcvj2b5h76peclumktnpoed6t55zcaytoe3ooz.py:36: unknown: block: [0,0,0], thread: [76,0,0] Assertion `index out of bounds: 0 <= tmp7 < 640` failed.
/tmp/torchinductor_<user>/rt/crtvex5pjchayngcvj2b5h76peclumktnpoed6t55zcaytoe3ooz.py:36: unknown: block: [0,0,0], thread: [77,0,0] Assertion `index out of bounds: 0 <= tmp7 < 640` failed.
/tmp/torchinductor_<user>/rt/crtvex5pjchayngcvj2b5h76peclumktnpoed6t55zcaytoe3ooz.py:36: unknown: block: [0,0,0], thread: [78,0,0] Assertion `index out of bounds: 0 <= tmp7 < 640` failed.
/tmp/torchinductor_<user>/rt/crtvex5pjchayngcvj2b5h76peclumktnpoed6t55zcaytoe3ooz.py:36: unknown: block: [0,0,0], thread: [79,0,0] Assertion `index out of bounds: 0 <= tmp7 < 640` failed.
/tmp/torchinductor_<user>/rt/crtvex5pjchayngcvj2b5h76peclumktnpoed6t55zcaytoe3ooz.py:36: unknown: block: [0,0,0], thread: [80,0,0] Assertion `index out of bounds: 0 <= tmp7 < 640` failed.
/tmp/torchinductor_<user>/rt/crtvex5pjchayngcvj2b5h76peclumktnpoed6t55zcaytoe3ooz.py:36: unknown: block: [0,0,0], thread: [81,0,0] Assertion `index out of bounds: 0 <= tmp7 < 640` failed.
/tmp/torchinductor_<user>/rt/crtvex5pjchayngcvj2b5h76peclumktnpoed6t55zcaytoe3ooz.py:36: unknown: block: [0,0,0], thread: [82,0,0] Assertion `index out of bounds: 0 <= tmp7 < 640` failed.
/tmp/torchinductor_<user>/rt/crtvex5pjchayngcvj2b5h76peclumktnpoed6t55zcaytoe3ooz.py:36: unknown: block: [0,0,0], thread: [83,0,0] Assertion `index out of bounds: 0 <= tmp7 < 640` failed.
/tmp/torchinductor_<user>/rt/crtvex5pjchayngcvj2b5h76peclumktnpoed6t55zcaytoe3ooz.py:36: unknown: block: [0,0,0], thread: [84,0,0] Assertion `index out of bounds: 0 <= tmp7 < 640` failed.
/tmp/torchinductor_<user>/rt/crtvex5pjchayngcvj2b5h76peclumktnpoed6t55zcaytoe3ooz.py:36: unknown: block: [0,0,0], thread: [85,0,0] Assertion `index out of bounds: 0 <= tmp7 < 640` failed.
/tmp/torchinductor_<user>/rt/crtvex5pjchayngcvj2b5h76peclumktnpoed6t55zcaytoe3ooz.py:36: unknown: block: [0,0,0], thread: [86,0,0] Assertion `index out of bounds: 0 <= tmp7 < 640` failed.
/tmp/torchinductor_<user>/rt/crtvex5pjchayngcvj2b5h76peclumktnpoed6t55zcaytoe3ooz.py:36: unknown: block: [0,0,0], thread: [87,0,0] Assertion `index out of bounds: 0 <= tmp7 < 640` failed.
/tmp/torchinductor_<user>/rt/crtvex5pjchayngcvj2b5h76peclumktnpoed6t55zcaytoe3ooz.py:36: unknown: block: [0,0,0], thread: [88,0,0] Assertion `index out of bounds: 0 <= tmp7 < 640` failed.
/tmp/torchinductor_<user>/rt/crtvex5pjchayngcvj2b5h76peclumktnpoed6t55zcaytoe3ooz.py:36: unknown: block: [0,0,0], thread: [89,0,0] Assertion `index out of bounds: 0 <= tmp7 < 640` failed.
/tmp/torchinductor_<user>/rt/crtvex5pjchayngcvj2b5h76peclumktnpoed6t55zcaytoe3ooz.py:36: unknown: block: [0,0,0], thread: [90,0,0] Assertion `index out of bounds: 0 <= tmp7 < 640` failed.
/tmp/torchinductor_<user>/rt/crtvex5pjchayngcvj2b5h76peclumktnpoed6t55zcaytoe3ooz.py:36: unknown: block: [0,0,0], thread: [91,0,0] Assertion `index out of bounds: 0 <= tmp7 < 640` failed.
/tmp/torchinductor_<user>/rt/crtvex5pjchayngcvj2b5h76peclumktnpoed6t55zcaytoe3ooz.py:36: unknown: block: [0,0,0], thread: [92,0,0] Assertion `index out of bounds: 0 <= tmp7 < 640` failed.
/tmp/torchinductor_<user>/rt/crtvex5pjchayngcvj2b5h76peclumktnpoed6t55zcaytoe3ooz.py:36: unknown: block: [0,0,0], thread: [93,0,0] Assertion `index out of bounds: 0 <= tmp7 < 640` failed.
/tmp/torchinductor_<user>/rt/crtvex5pjchayngcvj2b5h76peclumktnpoed6t55zcaytoe3ooz.py:36: unknown: block: [0,0,0], thread: [94,0,0] Assertion `index out of bounds: 0 <= tmp7 < 640` failed.
/tmp/torchinductor_<user>/rt/crtvex5pjchayngcvj2b5h76peclumktnpoed6t55zcaytoe3ooz.py:36: unknown: block: [0,0,0], thread: [95,0,0] Assertion `index out of bounds: 0 <= tmp7 < 640` failed.
Traceback (most recent call last):
  File "<workspace>/phase0/week3/batch_invariance_cost.py", line 290, in <module>
    main()
  File "<workspace>/phase0/week3/batch_invariance_cost.py", line 283, in main
    res["part3_speed"].append(part3_speed(model, B, args))
                              ^^^^^^^^^^^^^^^^^^^^^^^^^^^
  File "<workspace>/phase0/week3/batch_invariance_cost.py", line 245, in part3_speed
    rec["timing"] = interleaved(variants, rounds=args.rounds, k=args.steps, warmup_s=args.warmup_s,
                    ^^^^^^^^^^^^^^^^^^^^^^^^^^^^^^^^^^^^^^^^^^^^^^^^^^^^^^^^^^^^^^^^^^^^^^^^^^^^^^^
  File "<workspace>/phase0/week3/ab_common.py", line 46, in interleaved
    sync()
  File "<workspace>/phase0/week3/ab_common.py", line 17, in sync
    torch.cuda.synchronize()
  File "/home/<user>/venvs/gpu/lib/python3.12/site-packages/torch/cuda/__init__.py", line 1281, in synchronize
    return torch._C._cuda_synchronize()
           ^^^^^^^^^^^^^^^^^^^^^^^^^^^^
torch.AcceleratorError: CUDA error: device-side assert triggered
Search for `cudaErrorAssert' in https://docs.nvidia.com/cuda/cuda-runtime-api/group__CUDART__TYPES.html for more information.
CUDA kernel errors might be asynchronously reported at some other API call, so the stacktrace below might be incorrect.
For debugging consider passing CUDA_LAUNCH_BLOCKING=1
The CUDA driver logged these messages, which may provide useful details:
Returning 710 (CUDA_ERROR_ASSERT) from cuCtxSynchronize_v2


